Rainfall,Avg Temp,Relative Humidity,Sand %,PH Level,Phosohorus,Potassium,Clay %,Category
166.32,15.0,52.0,50.434,6.2,68.23,380.0,17.932,Medium
178.32,17.0,51.0,50.434,6.2,68.23,380.0,17.932,Low
122.35,16.0,49.0,50.434,6.2,68.23,380.0,17.932,Medium
198.32,18.0,48.0,50.434,6.2,68.23,380.0,17.932,Medium
126.24,15.0,51.0,50.434,6.2,68.23,380.0,17.932,Medium
265.35,19.0,53.0,50.434,6.2,68.23,380.0,17.932,Medium
268.52,20.0,52.0,50.434,6.2,68.23,380.0,17.932,Medium
345.2,21.0,51.0,50.434,6.2,68.23,380.0,17.932,High
256.0,18.0,50.0,50.434,6.2,68.23,380.0,17.932,High
245.0,19.0,51.0,50.434,6.2,68.23,380.0,17.932,High
189.0,17.0,52.0,50.434,6.2,68.23,380.0,17.932,High
254.0,19.0,51.0,50.434,6.2,68.23,380.0,17.932,High
212.0,17.0,48.0,50.434,6.2,68.23,380.0,17.932,High
222.0,16.0,49.0,50.434,6.2,68.23,380.0,17.932,High
198.0,19.0,50.0,50.434,6.2,68.23,380.0,17.932,High
988.31,23.0475,45.0258333333333,61.256,6.3,96.32,313.25,10.235,Medium
1213.11,22.4933333333333,52.1583333333333,61.256,6.3,96.32,313.25,10.235,Medium
1361.34,22.5266666666666,52.9475,61.256,6.3,96.32,313.25,10.235,Medium
1302.38,22.3966666666666,55.3308333333333,61.256,6.3,96.32,313.25,10.235,Medium
1611.49,22.0366666666666,57.8833333333333,61.256,6.3,96.32,313.25,10.235,Medium
1968.87,21.9283333333333,59.2483333333333,61.256,6.3,96.32,313.25,10.235,Medium
1200.37,22.8183333333333,51.58,61.256,6.3,96.32,313.25,10.235,Medium
1336.65999999999,23.1283333333333,53.3925,61.256,6.3,96.32,313.25,10.235,Medium
1425.92,21.9775,57.5983333333333,61.256,6.3,96.32,313.25,10.235,Medium
1441.51,22.2625,53.6591666666666,61.256,6.3,96.32,313.25,10.235,Medium
1960.16,21.7641666666666,62.1416666666666,61.256,6.3,96.32,313.25,10.235,Medium
1691.68,22.3575,56.785,61.256,6.3,96.32,313.25,10.235,Medium
1446.43,22.6108333333333,55.68,61.256,6.3,96.32,313.25,10.235,Medium
1578.15,23.0358333333333,53.7858333333333,61.256,6.3,96.32,313.25,10.235,Medium
1570.05,23.1083333333333,55.4991666666666,61.256,6.3,96.32,313.25,10.235,Medium
472.58,14.13,51.4808333333333,36.325,6.0,197.0,362.0,10.589,Medium
1213.16,13.7208333333333,60.2816666666666,36.325,6.0,197.0,362.0,10.589,Medium
1195.52,13.5,60.51,36.325,6.0,197.0,362.0,10.589,Medium
1188.11,13.8125,63.0591666666666,36.325,6.0,197.0,362.0,10.589,Medium
1383.27,13.485,64.9916666666666,36.325,6.0,197.0,362.0,10.589,Medium
1670.5,13.43,65.3483333333333,36.325,6.0,197.0,362.0,10.589,Low
1054.82,14.0991666666666,58.5241666666666,36.325,6.0,197.0,362.0,10.589,Medium
1106.79,14.4133333333333,59.15,36.325,6.0,197.0,362.0,10.589,Medium
1262.37,13.4083333333333,64.91,36.325,6.0,197.0,362.0,10.589,Medium
1427.02,13.5083333333333,59.87,36.325,6.0,197.0,362.0,10.589,Medium
1894.37999999999,13.3116666666666,68.2608333333333,36.325,6.0,197.0,362.0,10.589,Medium
1982.8,13.5733333333333,65.8541666666666,36.325,6.0,197.0,362.0,10.589,Low
1963.95,13.37,68.5925,36.325,6.0,197.0,362.0,10.589,Medium
1910.03,14.2191666666666,63.9333333333333,36.325,6.0,197.0,362.0,10.589,Medium
1879.02,13.9799999999999,66.7975,36.325,6.0,197.0,362.0,10.589,Medium
583.949999999999,10.0041666666666,52.6891666666666,41.152,6.5,117.0,433.0,12.365,Medium
666.69,10.1033333333333,55.0591666666666,41.152,6.5,117.0,433.0,12.365,Medium
834.85,9.425,58.8425,41.152,6.5,117.0,433.0,12.365,Low
710.12,10.1341666666666,58.2116666666666,41.152,6.5,117.0,433.0,12.365,Low
965.069999999999,9.58499999999999,60.9008333333333,41.152,6.5,117.0,433.0,12.365,Low
864.04,9.63583333333333,61.0216666666666,41.152,6.5,117.0,433.0,12.365,Low
682.07,10.3516666666666,53.31,41.152,6.5,117.0,433.0,12.365,Low
939.54,10.3983333333333,56.5825,41.152,6.5,117.0,433.0,12.365,Medium
1000.08,9.38083333333333,63.8791666666666,41.152,6.5,117.0,433.0,12.365,Medium
640.55,9.4475,60.9566666666666,41.152,6.5,117.0,433.0,12.365,Medium
1084.87,9.57166666666666,69.2225,41.152,6.5,117.0,433.0,12.365,Medium
752.31,9.74833333333333,63.0075,41.152,6.5,117.0,433.0,12.365,Medium
753.0,9.8425,64.8475,41.152,6.5,117.0,433.0,12.365,Medium
615.44,10.92,57.0133333333333,41.152,6.5,117.0,433.0,12.365,Medium
762.459999999999,10.4766666666666,61.1125,41.152,6.5,117.0,433.0,12.365,Medium
394.0,5.58583333333333,53.9458333333333,50.014,6.6,116.0,466.0,10.236,Low
561.84,5.75833333333333,57.4025,50.014,6.6,116.0,466.0,10.236,Low
720.83,4.85666666666666,62.4199999999999,50.014,6.6,116.0,466.0,10.236,Low
642.75,5.6425,62.1583333333333,50.014,6.6,116.0,466.0,10.236,Low
873.76,5.0375,65.1199999999999,50.014,6.6,116.0,466.0,10.236,Low
742.82,5.265,64.6033333333333,50.014,6.6,116.0,466.0,10.236,Low
570.77,5.74916666666666,57.7149999999999,50.014,6.6,116.0,466.0,10.236,Low
735.99,5.835,60.0758333333333,50.014,6.6,116.0,466.0,10.236,Low
831.95,5.00416666666666,67.4741666666666,50.014,6.6,116.0,466.0,10.236,Low
548.6,4.80833333333333,66.2083333333333,50.014,6.6,116.0,466.0,10.236,Medium
943.86,5.0575,73.1308333333333,50.014,6.6,116.0,466.0,10.236,Medium
638.89,5.0775,68.485,50.014,6.6,116.0,466.0,10.236,Medium
682.54,5.13833333333333,70.1466666666666,50.014,6.6,116.0,466.0,10.236,Medium
536.41,6.5175,60.8033333333333,50.014,6.6,116.0,466.0,10.236,Medium
653.61,6.01416666666666,65.2533333333333,50.014,6.6,116.0,466.0,10.236,Medium
192.23,6.0,52.0,55.365,6.5,97.0,517.0,9.023,Low
198.23,7.0,53.0,55.365,6.5,97.0,517.0,9.023,Low
245.32,8.0,54.0,55.365,6.5,97.0,517.0,9.023,Low
245.32,5.0,55.0,55.365,6.5,97.0,517.0,9.023,Low
256.32,6.0,56.0,55.365,6.5,97.0,517.0,9.023,Low
256.23,5.0,57.0,55.365,6.5,97.0,517.0,9.023,Low
289.32,6.0,58.0,55.365,6.5,97.0,517.0,9.023,Low
246.25,7.0,52.0,55.365,6.5,97.0,517.0,9.023,Low
245.23,8.0,53.0,55.365,6.5,97.0,517.0,9.023,Low
255.32,6.0,56.0,55.365,6.5,97.0,517.0,9.023,Low
265.65,5.0,54.0,55.365,6.5,97.0,517.0,9.023,Low
145.32,9.0,52.0,55.365,6.5,97.0,517.0,9.023,Low
199.32,10.0,55.0,55.365,6.5,97.0,517.0,9.023,Low
145.62,8.0,57.0,55.365,6.5,97.0,517.0,9.023,Low
254.32,9.0,56.0,55.365,6.5,97.0,517.0,9.023,Low
708.12,22.7108333333333,45.82,37.265,6.9,97.0,198.0,29.654,Medium
1059.98,22.4025,50.4616666666666,37.265,6.9,97.0,198.0,29.654,Medium
1278.69,22.1991666666666,52.3308333333333,37.265,6.9,97.0,198.0,29.654,Medium
1184.07,22.3991666666666,52.9691666666666,37.265,6.9,97.0,198.0,29.654,High
1524.72,21.8141666666666,57.0658333333333,37.265,6.9,97.0,198.0,29.654,High
1637.17,21.7458333333333,58.1341666666666,37.265,6.9,97.0,198.0,29.654,High
1116.18,22.7175,50.6875,37.265,6.9,97.0,198.0,29.654,High
1271.01,22.8633333333333,53.5991666666666,37.265,6.9,97.0,198.0,29.654,High
1615.98,21.6975,58.5983333333333,37.265,6.9,97.0,198.0,29.654,High
1223.29,21.9908333333333,54.3358333333333,37.265,6.9,97.0,198.0,29.654,High
1766.87999999999,21.7358333333333,62.3933333333333,37.265,6.9,97.0,198.0,29.654,High
1241.06,22.3208333333333,54.3625,37.265,6.9,97.0,198.0,29.654,High
1254.16,22.3433333333333,55.0683333333333,37.265,6.9,97.0,198.0,29.654,High
1370.95,22.89,52.37,37.265,6.9,97.0,198.0,29.654,High
1334.9,22.9108333333333,53.9691666666666,37.265,6.9,97.0,198.0,29.654,High
932.04,23.9825,47.6358333333333,43.12,6.8,55.0,210.0,18.354,High
1319.26,23.2625,55.8858333333333,43.12,6.8,55.0,210.0,18.354,High
1195.88,23.5975,54.6816666666666,43.12,6.8,55.0,210.0,18.354,High
1260.66,23.4083333333333,56.5625,43.12,6.8,55.0,210.0,18.354,High
1416.27,22.8983333333333,60.3325,43.12,6.8,55.0,210.0,18.354,High
1661.13999999999,22.9191666666666,61.3783333333333,43.12,6.8,55.0,210.0,18.354,High
1027.59,23.9075,52.0441666666666,43.12,6.8,55.0,210.0,18.354,High
1117.27,24.0758333333333,54.1316666666666,43.12,6.8,55.0,210.0,18.354,High
1268.63,22.95,58.9424999999999,43.12,6.8,55.0,210.0,18.354,High
1113.92,23.1566666666666,53.9358333333333,43.12,6.8,55.0,210.0,18.354,High
1516.05,22.68,60.99,43.12,6.8,55.0,210.0,18.354,High
1402.89,23.22,58.8933333333333,43.12,6.8,55.0,210.0,18.354,High
1341.9,23.6941666666666,57.2758333333333,43.12,6.8,55.0,210.0,18.354,High
1227.07,24.2141666666666,54.9341666666666,43.12,6.8,55.0,210.0,18.354,High
1273.67999999999,24.165,56.6291666666666,43.12,6.8,55.0,210.0,18.354,High
987.45,23.9533333333333,45.0425,41.253,7.0,86.0,220.0,19.365,High
1026.54,23.6608333333333,49.0991666666666,41.253,7.0,86.0,220.0,19.365,High
1262.15,23.3825,51.625,41.253,7.0,86.0,220.0,19.365,High
1153.02,23.685,51.3125,41.253,7.0,86.0,220.0,19.365,High
1509.37,22.9891666666666,56.0166666666666,41.253,7.0,86.0,220.0,19.365,High
1567.85,22.8941666666666,57.3441666666666,41.253,7.0,86.0,220.0,19.365,High
1092.82,23.8783333333333,50.0158333333333,41.253,7.0,86.0,220.0,19.365,High
1266.04,24.0616666666666,53.0991666666666,41.253,7.0,86.0,220.0,19.365,High
1587.87,22.8125,58.5266666666666,41.253,7.0,86.0,220.0,19.365,High
1167.2,23.2191666666666,53.6183333333333,41.253,7.0,86.0,220.0,19.365,High
1732.97,22.8833333333333,62.0083333333333,41.253,7.0,86.0,220.0,19.365,High
1185.46,23.5516666666666,53.0149999999999,41.253,7.0,86.0,220.0,19.365,High
1066.44,23.8066666666666,51.9583333333333,41.253,7.0,86.0,220.0,19.365,High
1155.72999999999,24.3266666666666,49.1808333333333,41.253,7.0,86.0,220.0,19.365,High
1127.33,24.3216666666666,50.8666666666666,41.253,7.0,86.0,220.0,19.365,High
956.03,13.0325,54.4275,57.256,5.7,274.0,343.0,15.265,Low
1122.6,12.4641666666666,64.5275,57.256,5.7,274.0,343.0,15.265,Low
948.3,12.56,62.1425,57.256,5.7,274.0,343.0,15.265,Low
957.54,12.9191666666666,63.4833333333333,57.256,5.7,274.0,343.0,15.265,Low
1050.38,12.5466666666666,66.5225,57.256,5.7,274.0,343.0,15.265,Low
1114.02,12.4966666666666,66.4075,57.256,5.7,274.0,343.0,15.265,Low
743.55,13.2516666666666,57.9,57.256,5.7,274.0,343.0,15.265,Low
916.689999999999,13.3591666666666,60.3675,57.256,5.7,274.0,343.0,15.265,Very Low
968.29,12.35,66.985,57.256,5.7,274.0,343.0,15.265,Very Low
888.71,12.5233333333333,58.6225,57.256,5.7,274.0,343.0,15.265,Very Low
1247.65,12.4891666666666,65.6283333333333,57.256,5.7,274.0,343.0,15.265,Very Low
1179.7,12.6975,66.0733333333333,57.256,5.7,274.0,343.0,15.265,Very Low
1045.44,12.735,67.5874999999999,57.256,5.7,274.0,343.0,15.265,Very Low
1023.98,13.3583333333333,64.8341666666666,57.256,5.7,274.0,343.0,15.265,Very Low
946.12,13.2333333333333,66.0408333333333,57.256,5.7,274.0,343.0,15.265,Very Low
188.32,22.0,51.0,59.35,6.0,198.0,345.0,15.325,Very Low
192.32,25.0,52.0,59.35,6.0,198.0,345.0,15.325,Very Low
155.65,23.0,53.0,59.35,6.0,198.0,345.0,15.325,Very Low
158.32,26.0,55.0,59.35,6.0,198.0,345.0,15.325,Very Low
178.65,24.0,54.0,59.35,6.0,198.0,345.0,15.325,Very Low
198.32,25.0,56.0,59.35,6.0,198.0,345.0,15.325,Very Low
236.23,22.0,58.0,59.35,6.0,198.0,345.0,15.325,Very Low
214.23,26.0,59.0,59.35,6.0,198.0,345.0,15.325,Very Low
245.2,27.0,57.0,59.35,6.0,198.0,345.0,15.325,Very Low
214.3,23.0,56.0,59.35,6.0,198.0,345.0,15.325,Very Low
216.0,25.0,55.0,59.35,6.0,198.0,345.0,15.325,Very Low
235.0,26.0,52.0,59.35,6.0,198.0,345.0,15.325,Very Low
265.0,24.0,53.0,59.35,6.0,198.0,345.0,15.325,Very Low
158.0,23.0,54.0,59.35,6.0,198.0,345.0,15.325,Very Low
189.0,22.0,54.0,59.35,6.0,198.0,345.0,15.325,Very Low
1117.86,22.5166666666666,45.9366666666666,49.356,6.12,83.25,260.24,14.655,Medium
1292.47,21.6383333333333,56.1658333333333,49.356,6.12,83.25,260.24,14.655,Medium
1208.55,21.9124999999999,54.875,49.356,6.12,83.25,260.24,14.655,Medium
1222.21,21.8041666666666,57.1708333333333,49.356,6.12,83.25,260.24,14.655,Medium
1371.26,21.4141666666666,59.9791666666666,49.356,6.12,83.25,260.24,14.655,Medium
1623.99,21.3991666666666,60.71,49.356,6.12,83.25,260.24,14.655,Medium
1037.01,22.3016666666666,52.2825,49.356,6.12,83.25,260.24,14.655,Medium
1144.38,22.5658333333333,54.1525,49.356,6.12,83.25,260.24,14.655,Medium
1241.14,21.3958333333333,59.07,49.356,6.12,83.25,260.24,14.655,Medium
1235.25,21.6958333333333,54.1675,49.356,6.12,83.25,260.24,14.655,Medium
1706.64999999999,21.1591666666666,62.7058333333333,49.356,6.12,83.25,260.24,14.655,Medium
1652.53,21.6525,60.0341666666666,49.356,6.12,83.25,260.24,14.655,Medium
1790.26,21.7975,60.0983333333333,49.356,6.12,83.25,260.24,14.655,Medium
1743.42999999999,22.3316666666666,57.4366666666666,49.356,6.12,83.25,260.24,14.655,Medium
1749.86,22.3241666666666,59.3533333333333,49.356,6.12,83.25,260.24,14.655,Medium
807.05,18.1933333333333,49.4708333333333,58.898,6.5,102.23,390.23,16.365,Medium
898.57,18.1475,51.9541666666666,58.898,6.5,102.23,390.23,16.365,Medium
1143.14,17.72,54.4216666666666,58.898,6.5,102.23,390.23,16.365,Medium
957.34,18.2725,53.7391666666666,58.898,6.5,102.23,390.23,16.365,Medium
1325.8,17.6675,57.5175,58.898,6.5,102.23,390.23,16.365,Medium
1241.32,17.625,57.6591666666666,58.898,6.5,102.23,390.23,16.365,Medium
974.11,18.64,49.9499999999999,58.898,6.5,102.23,390.23,16.365,Medium
1307.06,18.7058333333333,53.4366666666666,58.898,6.5,102.23,390.23,16.365,Medium
1452.37,17.4275,60.1816666666666,58.898,6.5,102.23,390.23,16.365,Medium
909.25,17.9058333333333,55.0466666666666,58.898,6.5,102.23,390.23,16.365,Medium
1532.72,17.7683333333333,63.7408333333333,58.898,6.5,102.23,390.23,16.365,Medium
992.14,18.2533333333333,55.85,58.898,6.5,102.23,390.23,16.365,Medium
971.59,18.2,57.4808333333333,58.898,6.5,102.23,390.23,16.365,Medium
877.96,18.9366666666666,52.1291666666666,58.898,6.5,102.23,390.23,16.365,Medium
996.99,18.7908333333333,54.73,58.898,6.5,102.23,390.23,16.365,Medium
671.01,17.7666666666666,49.1766666666666,54.124,6.2,113.2,435.23,15.235,Low
984.87,17.5341666666666,54.2916666666666,54.124,6.2,113.2,435.23,15.235,Low
1242.66999999999,17.1683333333333,56.665,54.124,6.2,113.2,435.23,15.235,Low
1116.11,17.4691666666666,57.9091666666666,54.124,6.2,113.2,435.23,15.235,Low
1500.54,16.9891666666666,61.3958333333333,54.124,6.2,113.2,435.23,15.235,Low
1440.67,16.9666666666666,61.4325,54.124,6.2,113.2,435.23,15.235,Low
1051.47,17.8908333333333,53.845,54.124,6.2,113.2,435.23,15.235,Low
1285.03,18.015,56.6833333333333,54.124,6.2,113.2,435.23,15.235,Medium
1600.87,16.87,63.025,54.124,6.2,113.2,435.23,15.235,Medium
1099.08,17.1766666666666,58.7075,54.124,6.2,113.2,435.23,15.235,Medium
1726.89,17.1074999999999,66.7975,54.124,6.2,113.2,435.23,15.235,Medium
1157.55,17.4841666666666,59.6999999999999,54.124,6.2,113.2,435.23,15.235,Medium
1170.85,17.3633333333333,61.4516666666666,54.124,6.2,113.2,435.23,15.235,Medium
1168.61,18.0516666666666,57.0291666666666,54.124,6.2,113.2,435.23,15.235,Medium
1187.81,18.0616666666666,58.47,54.124,6.2,113.2,435.23,15.235,Medium
635.1,18.8958333333333,47.8033333333333,44.256,6.9,119.65,422.23,21.254,Medium
1116.67,18.5375,53.8466666666666,44.256,6.9,119.65,422.23,21.254,Medium
1322.87,18.3283333333333,55.2791666666666,44.256,6.9,119.65,422.23,21.254,Medium
1242.4,18.485,57.2533333333333,44.256,6.9,119.65,422.23,21.254,Medium
1576.23,18.0508333333333,60.3775,44.256,6.9,119.65,422.23,21.254,Medium
1765.53,18.0291666666666,60.7216666666666,44.256,6.9,119.65,422.23,21.254,Medium
1161.23,18.8733333333333,53.3975,44.256,6.9,119.65,422.23,21.254,Medium
1277.98,19.0791666666666,55.5766666666666,44.256,6.9,119.65,422.23,21.254,Medium
1561.98,17.9708333333333,60.8883333333333,44.256,6.9,119.65,422.23,21.254,Medium
1326.16,18.1491666666666,56.9216666666666,44.256,6.9,119.65,422.23,21.254,Medium
1850.57,17.9824999999999,65.145,44.256,6.9,119.65,422.23,21.254,Medium
1414.57,18.4433333333333,58.4516666666666,44.256,6.9,119.65,422.23,21.254,Medium
1263.45,18.4666666666666,59.1691666666666,44.256,6.9,119.65,422.23,21.254,Medium
1383.43,19.06,55.9858333333333,44.256,6.9,119.65,422.23,21.254,Medium
1341.81,19.09,57.5275,44.256,6.9,119.65,422.23,21.254,Medium
583.949999999999,10.0041666666666,52.6891666666666,45.95,6.7,132.05,471.65,10.08,Low
666.69,10.1033333333333,55.0591666666666,45.95,6.7,132.05,471.65,10.08,Low
834.85,9.425,58.8425,45.95,6.7,132.05,471.65,10.08,Low
710.12,10.1341666666666,58.2116666666666,45.95,6.7,132.05,471.65,10.08,Low
965.069999999999,9.58499999999999,60.9008333333333,45.95,6.7,132.05,471.65,10.08,Low
864.04,9.63583333333333,61.0216666666666,45.95,6.7,132.05,471.65,10.08,Low
682.07,10.3516666666666,53.31,45.95,6.7,132.05,471.65,10.08,Low
939.54,10.3983333333333,56.5825,45.95,6.7,132.05,471.65,10.08,Low
1000.08,9.38083333333333,63.8791666666666,45.95,6.7,132.05,471.65,10.08,Low
640.55,9.4475,60.9566666666666,45.95,6.7,132.05,471.65,10.08,Low
1084.87,9.57166666666666,69.2225,45.95,6.7,132.05,471.65,10.08,Low
752.31,9.74833333333333,63.0075,45.95,6.7,132.05,471.65,10.08,Low
753.0,9.8425,64.8475,45.95,6.7,132.05,471.65,10.08,Low
615.44,10.92,57.0133333333333,45.95,6.7,132.05,471.65,10.08,Low
762.459999999999,10.4766666666666,61.1125,45.95,6.7,132.05,471.65,10.08,Low
480.89,17.095,50.9791666666666,45.05,6.0,138.03,385.23,13.13,Low
1241.72,16.3608333333333,61.6091666666666,45.05,6.0,138.03,385.23,13.13,Low
1066.27,16.5766666666666,59.2666666666666,45.05,6.0,138.03,385.23,13.13,Low
1096.05,16.7408333333333,61.0049999999999,45.05,6.0,138.03,385.23,13.13,Low
1182.71,16.3483333333333,64.04,45.05,6.0,138.03,385.23,13.13,Low
1314.43,16.3458333333333,64.1441666666666,45.05,6.0,138.03,385.23,13.13,Low
869.93,17.1725,55.5041666666666,45.05,6.0,138.03,385.23,13.13,Low
1006.37,17.3216666666666,57.7683333333333,45.05,6.0,138.03,385.23,13.13,Low
1084.54,16.2291666666666,63.7816666666666,45.05,6.0,138.03,385.23,13.13,Low
1006.99,16.4749999999999,56.6825,45.05,6.0,138.03,385.23,13.13,Low
1423.04,16.2291666666666,64.5066666666666,45.05,6.0,138.03,385.23,13.13,Low
1370.13999999999,16.5883333333333,63.5775,45.05,6.0,138.03,385.23,13.13,Low
1276.56,16.6558333333333,64.4958333333333,45.05,6.0,138.03,385.23,13.13,Low
1210.85,17.2525,61.5425,45.05,6.0,138.03,385.23,13.13,Low
1171.58,17.2,62.9375,45.05,6.0,138.03,385.23,13.13,Low
678.79,15.335,59.93,60.0,6.4,58.54,466.35,22.11,Very Low
988.849999999999,15.0541666666666,65.87,60.0,6.4,58.54,466.35,22.11,Very Low
947.98,15.2391666666666,63.645,60.0,6.4,58.54,466.35,22.11,Very Low
876.86,15.5333333333333,63.5575,60.0,6.4,58.54,466.35,22.11,Very Low
1024.27,15.15,66.8225,60.0,6.4,58.54,466.35,22.11,Very Low
935.12,15.1041666666666,67.3133333333333,60.0,6.4,58.54,466.35,22.11,Very Low
830.22,15.6708333333333,60.4033333333333,60.0,6.4,58.54,466.35,22.11,Very Low
1159.9,15.595,63.935,60.0,6.4,58.54,466.35,22.11,Very Low
1163.6,14.7983333333333,69.2158333333333,60.0,6.4,58.54,466.35,22.11,Very Low
899.91,15.0583333333333,60.4933333333333,60.0,6.4,58.54,466.35,22.11,Very Low
1240.59,15.2183333333333,64.4183333333333,60.0,6.4,58.54,466.35,22.11,Very Low
936.45,15.4383333333333,65.1083333333333,60.0,6.4,58.54,466.35,22.11,Very Low
1159.88,15.445,68.4591666666666,60.0,6.4,58.54,466.35,22.11,Very Low
1265.27,15.8708333333333,67.8383333333333,60.0,6.4,58.54,466.35,22.11,Very Low
1095.81,15.6825,69.0625,60.0,6.4,58.54,466.35,22.11,Very Low
784.06,25.095,50.4816666666666,45.93,6.4,62.32,256.65,17.21,High
1207.91,24.685,55.7716666666666,45.93,6.4,62.32,256.65,17.21,High
1106.32,25.1433333333333,53.9325,45.93,6.4,62.32,256.65,17.21,High
1212.71,24.8783333333333,55.5791666666666,45.93,6.4,62.32,256.65,17.21,High
1424.25,24.2133333333333,60.3475,45.93,6.4,62.32,256.65,17.21,High
1636.37999999999,24.2866666666666,61.5366666666666,45.93,6.4,62.32,256.65,17.21,High
964.71,25.3508333333333,51.4408333333333,45.93,6.4,62.32,256.65,17.21,High
1027.43,25.4241666666666,53.7066666666666,45.93,6.4,62.32,256.65,17.21,High
1253.88,24.3408333333333,58.5508333333333,45.93,6.4,62.32,256.65,17.21,High
1055.0,24.5266666666666,53.1441666666666,45.93,6.4,62.32,256.65,17.21,High
1311.65,24.175,58.6391666666666,45.93,6.4,62.32,256.65,17.21,High
1244.19,24.6408333333333,57.7216666666666,45.93,6.4,62.32,256.65,17.21,High
1226.51,25.2158333333333,56.1641666666666,45.93,6.4,62.32,256.65,17.21,High
1136.79,25.6741666666666,54.6016666666666,45.93,6.4,62.32,256.65,17.21,High
1089.85,25.6116666666666,55.8716666666666,45.93,6.4,62.32,256.65,17.21,High
422.08,7.90416666666666,57.5925,53.89,6.1,204.54,454.87,9.1,Low
899.53,7.5725,66.21,53.89,6.1,204.54,454.87,9.1,Low
752.06,7.45916666666666,63.9533333333333,53.89,6.1,204.54,454.87,9.1,Low
720.77,8.12416666666666,64.3258333333333,53.89,6.1,204.54,454.87,9.1,Low
842.7,7.815,67.2308333333333,53.89,6.1,204.54,454.87,9.1,Low
817.03,7.61833333333333,67.4391666666666,53.89,6.1,204.54,454.87,9.1,Low
555.27,8.29333333333333,59.0025,53.89,6.1,204.54,454.87,9.1,Low
776.16,8.325,62.0083333333333,53.89,6.1,204.54,454.87,9.1,Low
795.71,7.45666666666666,69.0791666666666,53.89,6.1,204.54,454.87,9.1,Low
714.98,7.3875,60.63,53.89,6.1,204.54,454.87,9.1,Low
977.75,7.67916666666666,65.9508333333333,53.89,6.1,204.54,454.87,9.1,Low
879.12,7.69666666666666,67.6683333333333,53.89,6.1,204.54,454.87,9.1,Low
911.86,7.69416666666666,70.3791666666666,53.89,6.1,204.54,454.87,9.1,Low
949.4,8.35666666666666,68.6199999999999,53.89,6.1,204.54,454.87,9.1,Low
850.58,8.08166666666666,69.845,53.89,6.1,204.54,454.87,9.1,Low
418.24,1.43,54.8408333333333,58.32,7.2,177.23,600.45,14.25,Very Low
778.18,1.57333333333333,59.5541666666666,58.32,7.2,177.23,600.45,14.25,Very Low
937.16,0.470833333333333,64.3883333333333,58.32,7.2,177.23,600.45,14.25,Very Low
872.06,1.50583333333333,65.0108333333333,58.32,7.2,177.23,600.45,14.25,Very Low
1135.27,0.893333333333333,66.9383333333333,58.32,7.2,177.23,600.45,14.25,Very Low
1142.14,1.14833333333333,65.4625,58.32,7.2,177.23,600.45,14.25,Very Low
798.32,1.55249999999999,60.2391666666666,58.32,7.2,177.23,600.45,14.25,Very Low
882.34,1.67833333333333,61.3874999999999,58.32,7.2,177.23,600.45,14.25,Very Low
1064.05,0.943333333333333,67.2416666666666,58.32,7.2,177.23,600.45,14.25,Very Low
865.61,0.309166666666666,66.7866666666666,58.32,7.2,177.23,600.45,14.25,Very Low
1286.31,0.645833333333333,72.6441666666666,58.32,7.2,177.23,600.45,14.25,Very Low
943.23,0.754166666666666,68.7758333333333,58.32,7.2,177.23,600.45,14.25,Very Low
951.829999999999,0.656666666666666,71.7708333333333,58.32,7.2,177.23,600.45,14.25,Very Low
847.98,2.20083333333333,64.5249999999999,58.32,7.2,177.23,600.45,14.25,Very Low
923.34,1.65916666666666,67.72,58.32,7.2,177.23,600.45,14.25,Very Low
678.53,16.9066666666666,48.93,52.24,6.3,78.25,401.84,16.334,Medium
843.959999999999,16.8366666666666,52.2641666666666,52.24,6.3,78.25,401.84,16.334,Medium
1077.95,16.3333333333333,55.3183333333333,52.24,6.3,78.25,401.84,16.334,Medium
929.38,16.8683333333333,54.9666666666666,52.24,6.3,78.25,401.84,16.334,Medium
1277.08,16.2541666666666,58.9333333333333,52.24,6.3,78.25,401.84,16.334,Medium
1179.9,16.255,59.0183333333333,52.24,6.3,78.25,401.84,16.334,Medium
907.95,17.2133333333333,51.2391666666666,52.24,6.3,78.25,401.84,16.334,High
1180.77,17.3091666666666,54.3141666666666,52.24,6.3,78.25,401.84,16.334,High
1354.63,16.0608333333333,61.56,52.24,6.3,78.25,401.84,16.334,High
872.18,16.465,56.9008333333333,52.24,6.3,78.25,401.84,16.334,High
1449.3,16.3775,65.29,52.24,6.3,78.25,401.84,16.334,High
939.05,16.805,57.7624999999999,52.24,6.3,78.25,401.84,16.334,High
927.37,16.7991666666666,58.8466666666666,52.24,6.3,78.25,401.84,16.334,High
835.93,17.58,53.2408333333333,52.24,6.3,78.25,401.84,16.334,High
937.65,17.4166666666666,55.8874999999999,52.24,6.3,78.25,401.84,16.334,High
383.88,10.1583333333333,54.8683333333333,44.54,6.2,168.54,418.121,10.56,Low
1070.86,9.76,65.1925,44.54,6.2,168.54,418.121,10.56,Low
917.79,9.485,63.9091666666666,44.54,6.2,168.54,418.121,10.56,Low
926.85,10.155,64.83,44.54,6.2,168.54,418.121,10.56,Low
1009.6,9.74583333333333,67.2825,44.54,6.2,168.54,418.121,10.56,Low
1114.23,9.73833333333333,66.7449999999999,44.54,6.2,168.54,418.121,10.56,Low
745.3,10.3583333333333,59.4291666666666,44.54,6.2,168.54,418.121,10.56,Low
865.17,10.5708333333333,61.1425,44.54,6.2,168.54,418.121,10.56,Low
924.16,9.7,66.9225,44.54,6.2,168.54,418.121,10.56,Low
941.25,9.57583333333333,61.0408333333333,44.54,6.2,168.54,418.121,10.56,Low
1349.89,9.5875,68.9741666666666,44.54,6.2,168.54,418.121,10.56,Low
1397.87999999999,9.74666666666666,68.9225,44.54,6.2,168.54,418.121,10.56,Low
1535.87999999999,9.555,72.0675,44.54,6.2,168.54,418.121,10.56,Low
1444.39,10.4325,67.2416666666666,44.54,6.2,168.54,418.121,10.56,Low
1423.03,10.1566666666666,69.9808333333333,44.54,6.2,168.54,418.121,10.56,Low
537.58,14.7583333333333,50.3166666666666,44.87,6.5,161.25,240.32,10.78,Low
1204.26,14.4016666666666,57.8366666666666,44.87,6.5,161.25,240.32,10.78,Low
1310.18999999999,14.1375,58.8566666666666,44.87,6.5,161.25,240.32,10.78,Low
1265.12,14.39,61.6216666666666,44.87,6.5,161.25,240.32,10.78,Medium
1546.03,14.0808333333333,63.4216666666666,44.87,6.5,161.25,240.32,10.78,Medium
1838.72,14.0408333333333,63.3925,44.87,6.5,161.25,240.32,10.78,Medium
1161.81,14.7308333333333,56.7908333333333,44.87,6.5,161.25,240.32,10.78,Medium
1233.87,14.9983333333333,57.7958333333333,44.87,6.5,161.25,240.32,10.78,Medium
1412.34,13.9916666666666,63.2616666666666,44.87,6.5,161.25,240.32,10.78,Medium
1465.13999999999,14.0366666666666,59.0391666666666,44.87,6.5,161.25,240.32,10.78,Medium
1955.65999999999,13.9033333333333,67.3983333333333,44.87,6.5,161.25,240.32,10.78,Medium
1805.39,14.2158333333333,63.2333333333333,44.87,6.5,161.25,240.32,10.78,Medium
1621.15999999999,14.1333333333333,65.2866666666666,44.87,6.5,161.25,240.32,10.78,Medium
1644.39,14.8825,61.1999999999999,44.87,6.5,161.25,240.32,10.78,Medium
1626.08,14.7458333333333,63.4116666666666,44.87,6.5,161.25,240.32,10.78,Medium
238.04,-2.435,54.515,52.45,7.08,161.25,580.288,13.688,Very Low
356.02,-2.04166666666666,55.9116666666666,52.45,7.08,161.25,580.288,13.688,Very Low
445.909999999999,-3.12416666666666,62.4683333333333,52.45,7.08,161.25,580.288,13.688,Very Low
416.12,-2.14416666666666,61.3283333333333,52.45,7.08,161.25,580.288,13.688,Very Low
535.6,-2.83416666666666,63.4458333333333,52.45,7.08,161.25,580.288,13.688,Very Low
437.38,-2.425,61.7324999999999,52.45,7.08,161.25,580.288,13.688,Very Low
328.31,-2.25,57.3683333333333,52.45,7.08,161.25,580.288,13.688,Very Low
428.469999999999,-2.1575,60.0141666666666,52.45,7.08,161.25,580.288,13.688,Very Low
452.31,-2.67,64.0825,52.45,7.08,161.25,580.288,13.688,Very Low
319.6,-3.13833333333333,65.4649999999999,52.45,7.08,161.25,580.288,13.688,Very Low
577.86,-2.91833333333333,72.5175,52.45,7.08,161.25,580.288,13.688,Very Low
444.15,-3.02833333333333,68.885,52.45,7.08,161.25,580.288,13.688,Very Low
506.01,-3.02833333333333,70.5191666666666,52.45,7.08,161.25,580.288,13.688,Very Low
359.95,-1.25,60.5749999999999,52.45,7.08,161.25,580.288,13.688,Very Low
456.18,-1.88916666666666,65.895,52.45,7.08,161.25,580.288,13.688,Very Low
1178.43,21.4725,62.1025,54.967,5.883,136.749,346.692,16.353,Low
1398.39,21.31,65.3758333333333,54.967,5.883,136.749,346.692,16.353,Low
1455.89,21.72,62.935,54.967,5.883,136.749,346.692,16.353,Low
1272.99,21.7441666666666,62.7566666666666,54.967,5.883,136.749,346.692,16.353,Low
1582.67,21.2983333333333,65.5433333333333,54.967,5.883,136.749,346.692,16.353,Low
1431.47,21.3816666666666,66.0825,54.967,5.883,136.749,346.692,16.353,Low
1394.45,21.7791666666666,61.72,54.967,5.883,136.749,346.692,16.353,Low
1937.44,21.7475,63.8158333333333,54.967,5.883,136.749,346.692,16.353,Low
1851.42,21.0525,67.0358333333333,54.967,5.883,136.749,346.692,16.353,Low
1452.17,21.4675,59.5866666666666,54.967,5.883,136.749,346.692,16.353,Low
1837.25,21.5766666666666,62.9575,54.967,5.883,136.749,346.692,16.353,Low
1356.3,21.9266666666666,62.3725,54.967,5.883,136.749,346.692,16.353,Low
1530.95,22.1258333333333,64.4675,54.967,5.883,136.749,346.692,16.353,Low
1812.52,22.4458333333333,64.0758333333333,54.967,5.883,136.749,346.692,16.353,Low
1633.71,22.1033333333333,66.7316666666666,54.967,5.883,136.749,346.692,16.353,Low
1700.0,22.0,56.0,52.11,6.315,171.25,497.299,10.918,Medium
1710.0,21.0,55.0,52.11,6.315,171.25,497.299,10.918,Medium
1852.0,25.0,58.0,52.11,6.315,171.25,497.299,10.918,Medium
1452.0,26.0,59.0,52.11,6.315,171.25,497.299,10.918,Medium
1569.0,25.0,54.0,52.11,6.315,171.25,497.299,10.918,Medium
1852.0,23.0,52.0,52.11,6.315,171.25,497.299,10.918,Medium
2021.0,22.0,53.0,52.11,6.315,171.25,497.299,10.918,Medium
1960.0,24.0,51.0,52.11,6.315,110.21,432.25,10.918,Medium
1980.0,29.0,49.0,52.11,6.315,110.21,432.25,10.918,Medium
1987.0,28.0,58.0,52.11,6.315,110.21,432.25,10.918,Medium
2023.0,27.0,59.0,52.11,6.315,110.21,432.25,10.918,Medium
2024.0,25.0,56.0,52.11,6.315,110.21,432.25,10.918,Medium
1947.0,24.0,52.0,52.11,6.315,110.21,432.25,10.918,Medium
1452.0,25.0,54.0,52.11,6.315,110.21,432.25,10.918,Medium
1980.0,26.0,52.0,52.11,6.315,110.21,432.25,10.918,Medium
1089.42,21.7375,60.4241666666666,41.26,5.9,60.189,240.23,18.032,High
1344.74,21.5366666666666,64.0916666666666,41.26,5.9,60.189,240.23,18.032,High
1385.42,21.925,61.8116666666666,41.26,5.9,60.189,240.23,18.032,High
1240.61,21.9466666666666,61.7258333333333,41.26,5.9,60.189,240.23,18.032,High
1514.72,21.4658333333333,64.8616666666666,41.26,5.9,60.189,196.32,18.032,Medium
1361.99,21.5733333333333,65.2808333333333,41.26,5.9,60.189,196.32,18.032,Medium
1306.52,22.025,60.2416666666666,41.26,5.9,60.189,196.32,18.032,Medium
1824.73,21.9533333333333,62.8758333333333,41.26,5.9,60.189,196.32,18.032,Medium
1767.5,21.24,66.2216666666666,41.26,5.9,60.189,196.32,18.032,Medium
1346.68,21.6491666666666,58.5783333333333,41.26,5.9,60.189,196.32,18.032,Low
1736.5,21.6925,62.3616666666666,41.26,5.9,60.189,196.32,18.032,Low
1283.16999999999,22.0858333333333,61.5441666666666,41.26,5.9,60.189,196.32,18.032,Medium
1404.37,22.3458333333333,63.0741666666666,41.26,5.9,60.189,196.32,18.032,Medium
1623.73,22.6641666666666,62.8108333333333,41.26,5.9,60.189,196.32,18.032,Medium
1421.51,22.3691666666666,65.0816666666666,41.26,5.9,60.189,196.32,18.032,Medium
523.5,11.1808333333333,50.9591666666666,57.502,6.304,98.25,537.212,9.732,Very Low
790.05,11.1591666666666,55.6225,57.502,6.304,98.25,537.212,9.732,Very Low
1006.67,10.4591666666666,59.395,57.502,6.304,98.25,537.212,9.732,Very Low
903.96,11.0783333333333,60.0791666666666,57.502,6.304,98.25,537.212,9.732,Very Low
1223.87999999999,10.4791666666666,63.3975,57.502,6.304,98.25,537.212,9.732,Very Low
1131.39,10.5833333333333,62.8991666666666,57.502,6.304,98.25,537.212,9.732,Very Low
839.62,11.3216666666666,55.7825,57.502,6.304,98.25,537.212,9.732,Very Low
1029.89,11.445,58.0216666666666,57.502,6.304,98.25,537.212,9.732,Very Low
1232.82,10.3758333333333,65.5083333333333,57.502,6.304,98.25,537.212,9.732,Very Low
845.069999999999,10.4358333333333,62.3141666666666,57.502,6.304,98.25,537.212,9.732,Very Low
1358.31,10.5316666666666,69.715,57.502,6.304,98.25,537.212,9.732,Very Low
892.54,10.7933333333333,63.74,57.502,6.304,98.25,537.212,9.732,Very Low
890.97,10.8033333333333,65.1741666666666,57.502,6.304,98.25,537.212,9.732,Very Low
797.96,11.8275,58.5825,57.502,6.304,98.25,537.212,9.732,Very Low
879.64,11.545,61.3783333333333,57.502,6.304,98.25,537.212,9.732,Very Low
838.43,22.9916666666666,46.9658333333333,41.13,7.028,80.338,251.252,18.208,High
1025.46,22.8233333333333,49.8541666666666,41.13,7.028,80.338,251.252,18.208,High
1281.82,22.5708333333333,51.9375,41.13,7.028,80.338,251.252,18.208,High
1111.22,22.9841666666666,51.1641666666666,41.13,7.028,80.338,251.252,18.208,High
1507.66999999999,22.2958333333333,55.7808333333333,41.13,7.028,80.338,251.252,18.208,High
1498.51,22.2066666666666,56.6908333333333,41.13,7.028,80.338,251.252,18.208,High
1113.3,23.2541666666666,49.2241666666666,41.13,7.028,80.338,251.252,18.208,Low
1397.78,23.355,52.9358333333333,41.13,7.028,80.338,251.252,18.208,High
1651.64,22.0758333333333,58.5041666666666,41.13,7.028,80.338,251.252,18.208,High
1095.31,22.5725,53.02,41.13,7.028,80.338,251.252,18.208,High
1761.84,22.255,61.7324999999999,41.13,7.028,80.338,251.252,18.208,High
1135.9,22.9225,52.5575,41.13,7.028,80.338,251.252,18.208,High
1087.78,22.9925,52.8866666666666,41.13,7.028,80.338,251.252,18.208,High
1089.09,23.5741666666666,49.2941666666666,41.13,7.028,80.338,251.252,18.208,High
1103.33,23.5699999999999,51.0233333333333,41.13,7.028,80.338,251.252,18.208,High
2200.0,6.0,60.0,62.972,6.338,77.096,527.158,9.114,Low
2300.0,7.0,62.0,62.972,6.338,77.096,527.158,9.114,Low
2400.0,8.0,63.0,62.972,6.338,77.096,527.158,9.114,Low
2450.0,5.0,64.0,62.972,6.338,77.096,527.158,9.114,Low
2340.0,5.0,65.0,62.972,6.338,77.096,527.158,9.114,Low
2150.0,4.0,62.0,62.972,6.338,77.096,527.158,9.114,Low
2410.0,6.0,63.0,62.972,6.338,77.096,527.158,9.114,Low
2350.0,5.0,59.0,62.972,6.338,77.096,527.158,9.114,Low
2145.0,7.0,58.0,62.972,6.338,77.096,527.158,9.114,Very Low
2165.0,4.0,56.0,62.972,6.338,77.096,527.158,9.114,Low
2351.0,5.0,59.0,62.972,6.338,77.096,527.158,9.114,Low
2410.0,6.0,56.0,62.972,6.338,77.096,527.158,9.114,Low
2650.0,4.0,59.0,62.972,6.338,77.096,527.158,9.114,Low
2546.0,5.0,65.0,62.972,6.338,77.096,527.158,9.114,Low
2362.0,6.0,62.0,62.972,6.338,77.096,527.158,9.114,Low
1128.06,20.0116666666666,50.8241666666666,37.28,7.2,71.745,245.037,28.997,High
1041.64999999999,19.9908333333333,52.2141666666666,37.28,7.2,71.745,245.037,28.997,High
1268.35,19.7383333333333,53.4808333333333,37.28,7.2,71.745,245.037,28.997,High
1016.13,20.3525,52.16,37.28,7.2,71.745,245.037,28.997,High
1420.79,19.7316666666666,55.8583333333333,37.28,7.2,71.745,245.037,28.997,High
1450.17,19.5641666666666,56.91,37.28,7.2,71.745,245.037,28.997,High
1119.57,20.6125,49.4316666666666,37.28,7.2,71.745,245.037,28.997,High
1569.92999999999,20.685,53.2091666666666,37.28,7.2,71.745,245.037,28.997,High
1612.61,19.3475,59.355,37.28,7.2,71.745,245.037,28.997,High
997.87,19.965,53.1883333333333,37.28,7.2,71.745,245.037,28.997,High
1704.15,19.7083333333333,62.44,37.28,7.2,71.745,245.037,28.997,High
1044.33,20.2883333333333,53.6008333333333,37.28,7.2,71.745,245.037,28.997,High
1090.15999999999,20.2016666666666,55.7208333333333,37.28,7.2,71.745,245.037,28.997,High
981.22,20.8591666666666,50.8775,37.28,7.2,71.745,245.037,28.997,High
1112.84,20.7366666666666,53.5158333333333,37.28,7.2,71.745,245.037,28.997,High
930.0,22.0,55.0,32.25,7.028,54.23,205.32,26.332,High
456.0,25.0,54.0,32.25,7.028,54.23,205.32,26.332,High
589.0,26.0,58.0,32.25,7.028,54.23,205.32,26.332,High
569.0,23.0,56.0,32.25,7.028,54.23,205.32,26.332,High
689.0,21.0,61.0,32.25,7.028,54.23,205.32,26.332,High
648.0,22.0,45.0,32.25,7.028,54.23,205.32,26.332,High
754.0,24.0,55.0,32.25,7.028,54.23,205.32,26.332,High
895.0,25.0,57.0,32.25,7.028,54.23,205.32,26.332,High
1145.0,26.0,56.0,32.25,7.028,54.23,205.32,26.332,High
987.0,21.0,54.0,32.25,7.028,54.23,205.32,26.332,High
546.0,24.0,55.0,32.25,7.028,54.23,205.32,26.332,High
598.0,25.0,54.0,32.25,7.028,54.23,205.32,26.332,High
678.0,23.0,56.0,32.25,7.028,54.23,205.32,26.332,High
623.0,22.0,52.0,32.25,7.028,54.23,205.32,26.332,High
589.0,21.0,53.0,32.25,7.028,54.23,205.32,26.332,High
434.13,13.2533333333333,52.4858333333333,38.548,6.412,245.256,434.684,6.909,Low
1155.1,12.8125,62.2249999999999,38.548,6.412,245.256,434.684,6.909,Medium
1076.23,12.6083333333333,61.6608333333333,38.548,6.412,245.256,434.684,6.909,Medium
1078.24,13.0175,63.8375,38.548,6.412,245.256,434.684,6.909,Medium
1221.85,12.6733333333333,65.8366666666666,38.548,6.412,245.256,434.684,6.909,Medium
1434.66,12.6308333333333,65.9075,38.548,6.412,245.256,434.684,6.909,Low
924.38,13.2808333333333,58.8708333333333,38.548,6.412,245.256,434.684,6.909,Medium
1001.98999999999,13.5741666666666,59.8416666666666,38.548,6.412,245.256,434.684,6.909,Low
1118.52,12.6075,65.5683333333333,38.548,6.412,245.256,434.684,6.909,Medium
1223.43,12.6525,60.19,38.548,6.412,245.256,434.684,6.909,Low
1667.53,12.5008333333333,68.4975,38.548,6.412,245.256,434.684,6.909,Low
1747.42,12.7416666666666,66.9575,38.548,6.412,245.256,434.684,6.909,Low
1925.1,12.5016666666666,69.9991666666666,38.548,6.412,245.256,434.684,6.909,Low
1842.43,13.3583333333333,65.3875,38.548,6.412,245.256,434.684,6.909,Low
1817.82,13.1,68.3516666666666,38.548,6.412,245.256,434.684,6.909,Low
480.89,17.095,50.9791666666666,54.132,5.9,222.94,403.122,14.599,Low
1241.72,16.3608333333333,61.6091666666666,54.132,5.9,222.94,403.122,14.599,Low
1066.27,16.5766666666666,59.2666666666666,54.132,5.9,222.94,403.122,14.599,Low
1096.05,16.7408333333333,61.0049999999999,54.132,5.9,222.94,403.122,14.599,Low
1182.71,16.3483333333333,64.04,54.132,5.9,222.94,403.122,14.599,Low
1314.43,16.3458333333333,64.1441666666666,54.132,5.9,222.94,403.122,14.599,Low
869.93,17.1725,55.5041666666666,54.132,5.9,222.94,403.122,14.599,Low
1006.37,17.3216666666666,57.7683333333333,54.132,5.9,222.94,403.122,14.599,Low
1084.54,16.2291666666666,63.7816666666666,54.132,5.9,222.94,403.122,14.599,Low
1006.99,16.4749999999999,56.6825,54.132,5.9,222.94,403.122,14.599,Low
1423.04,16.2291666666666,64.5066666666666,54.132,5.9,222.94,403.122,14.599,Low
1370.13999999999,16.5883333333333,63.5775,54.132,5.9,222.94,403.122,14.599,Low
1276.56,16.6558333333333,64.4958333333333,54.132,5.9,222.94,403.122,14.599,Low
1210.85,17.2525,61.5425,54.132,5.9,222.94,403.122,14.599,Low
1171.58,17.2,62.9375,54.132,5.9,222.94,403.122,14.599,Low
456.03,13.0325,54.4275,55.048,6.114,58.886,311.502,14.441,Medium
1122.6,12.4641666666666,64.5275,55.048,6.114,58.886,311.502,14.441,Medium
948.3,12.56,62.1425,55.048,6.114,58.886,311.502,14.441,Medium
957.54,12.9191666666666,63.4833333333333,55.048,6.114,58.886,311.502,14.441,Medium
1050.38,12.5466666666666,66.5225,55.048,6.114,58.886,311.502,14.441,Medium
1114.02,12.4966666666666,66.4075,55.048,6.114,58.886,311.502,14.441,Medium
743.55,13.2516666666666,57.9,55.048,6.114,58.886,311.502,14.441,Medium
916.689999999999,13.3591666666666,60.3675,55.048,6.114,58.886,311.502,14.441,Medium
968.29,12.35,66.985,55.048,6.114,58.886,311.502,14.441,Medium
888.71,12.5233333333333,58.6225,55.048,6.114,58.886,311.502,14.441,Medium
1247.65,12.4891666666666,65.6283333333333,55.048,6.114,58.886,311.502,14.441,Medium
1179.7,12.6975,66.0733333333333,55.048,6.114,58.886,311.502,14.441,Medium
1045.44,12.735,67.5874999999999,55.048,6.114,58.886,311.502,14.441,Medium
1023.98,13.3583333333333,64.8341666666666,55.048,6.114,58.886,311.502,14.441,Medium
946.12,13.2333333333333,66.0408333333333,55.048,6.114,58.886,311.502,14.441,Medium
2300.0,15.0,66.0,58.9,6.112,109.23,405.23,16.083,Low
2100.0,16.0,62.0,58.9,6.112,109.23,405.23,16.083,Low
2210.0,14.0,63.0,58.9,6.112,109.23,405.23,16.083,Low
2310.0,13.0,65.0,58.9,6.112,109.23,405.23,16.083,Low
2511.0,16.0,68.0,58.9,6.112,109.23,405.23,16.083,Low
2654.0,17.0,69.0,58.9,6.112,109.23,405.23,16.083,Low
2145.0,18.0,68.0,58.9,6.112,109.23,405.23,16.083,Low
2365.0,14.0,65.0,58.9,6.112,109.23,405.23,16.083,Low
2145.0,15.0,62.0,58.9,6.112,109.23,405.23,16.083,Low
2563.0,16.0,63.0,58.9,6.112,109.23,405.23,16.083,Low
2541.0,12.0,65.0,58.9,6.112,109.23,405.23,16.083,Low
2365.0,13.0,64.0,58.9,6.112,109.23,405.23,16.083,Low
2145.0,16.0,65.0,58.9,6.112,109.23,405.23,16.083,Low
2563.0,15.0,62.0,58.9,6.112,109.23,405.23,16.083,Low
2365.0,14.0,63.0,58.9,6.112,109.23,405.23,16.083,Low
480.89,17.095,50.9791666666666,71.256,5.898,105.32,398.654,12.166,Low
1241.72,16.3608333333333,61.6091666666666,71.256,5.898,105.32,398.654,12.166,Low
1066.27,16.5766666666666,59.2666666666666,71.256,5.898,105.32,398.654,12.166,Low
1096.05,16.7408333333333,61.0049999999999,71.256,5.898,105.32,398.654,12.166,Low
1182.71,16.3483333333333,64.04,71.256,5.898,105.32,398.654,12.166,Low
1314.43,16.3458333333333,64.1441666666666,71.256,5.898,105.32,398.654,12.166,Low
869.93,17.1725,55.5041666666666,71.256,5.898,105.32,398.654,12.166,Low
1006.37,17.3216666666666,57.7683333333333,71.256,5.898,105.32,398.654,12.166,Low
1084.54,16.2291666666666,63.7816666666666,71.256,5.898,105.32,398.654,12.166,Low
1006.99,16.4749999999999,56.6825,71.256,5.898,105.32,398.654,12.166,Low
1423.04,16.2291666666666,64.5066666666666,71.256,5.898,105.32,398.654,12.166,Low
1370.13999999999,16.5883333333333,63.5775,71.256,5.898,105.32,398.654,12.166,Low
1276.56,16.6558333333333,64.4958333333333,71.256,5.898,105.32,398.654,12.166,Low
1210.85,17.2525,61.5425,71.256,5.898,105.32,398.654,12.166,Low
1171.58,17.2,62.9375,71.256,5.898,105.32,398.654,12.166,Low
414.9,12.815,52.9883333333333,45.056,6.093,154.23,360.21,10.23,Low
1126.06,12.3591666666666,63.1991666666666,45.056,6.093,154.23,360.21,10.23,Low
1016.56999999999,12.1616666666666,62.2358333333333,45.056,6.093,154.23,360.21,10.23,Low
1023.31,12.62,64.2283333333333,45.056,6.093,154.23,360.21,10.23,Low
1141.13999999999,12.2666666666666,66.2566666666666,45.056,6.093,154.23,360.21,10.23,Low
1316.72999999999,12.2308333333333,66.1858333333333,45.056,6.093,154.23,360.21,10.23,Low
859.15,12.87,59.0441666666666,45.056,6.093,154.23,360.21,10.23,Low
949.58,13.155,60.1891666666666,45.056,6.093,154.23,360.21,10.23,Low
1046.59,12.2075,65.8975,45.056,6.093,154.23,360.21,10.23,Low
1121.65,12.2233333333333,60.3491666666666,45.056,6.093,154.23,360.21,10.23,Low
1554.08,12.0974999999999,68.6141666666666,45.056,6.093,154.23,360.21,10.23,Very Low
1629.73,12.3241666666666,67.5108333333333,45.056,6.093,154.23,360.21,10.23,Very Low
1905.67,12.0658333333333,70.7008333333333,45.056,6.093,154.23,360.21,10.23,Very Low
1808.63999999999,12.9275,66.1174999999999,45.056,6.093,154.23,360.21,10.23,Very Low
1787.21,12.66,69.1283333333333,45.056,6.093,154.23,360.21,10.23,Very Low
784.06,25.095,50.4816666666666,51.45,6.258,58.231,203.21,16.314,High
1207.91,24.685,55.7716666666666,51.45,6.258,58.231,203.21,16.314,High
1106.32,25.1433333333333,53.9325,51.45,6.258,58.231,203.21,16.314,High
1212.71,24.8783333333333,55.5791666666666,51.45,6.258,58.231,203.21,16.314,High
1424.25,24.2133333333333,60.3475,51.45,6.258,58.231,203.21,16.314,High
1636.37999999999,24.2866666666666,61.5366666666666,51.45,6.258,58.231,203.21,16.314,High
964.71,25.3508333333333,51.4408333333333,51.45,6.258,58.231,203.21,16.314,High
1027.43,25.4241666666666,53.7066666666666,51.45,6.258,58.231,203.21,16.314,High
1253.88,24.3408333333333,58.5508333333333,51.45,6.258,58.231,203.21,16.314,High
1055.0,24.5266666666666,53.1441666666666,51.45,6.258,58.231,203.21,16.314,High
1311.65,24.175,58.6391666666666,51.45,6.258,58.231,203.21,16.314,High
1244.19,24.6408333333333,57.7216666666666,51.45,6.258,58.231,203.21,16.314,High
1226.51,25.2158333333333,56.1641666666666,51.45,6.258,58.231,203.21,16.314,High
1136.79,25.6741666666666,54.6016666666666,51.45,6.258,58.231,203.21,16.314,High
1089.85,25.6116666666666,55.8716666666666,51.45,6.258,58.231,203.21,16.314,High
630.74,23.285,48.3783333333333,52.36,5.937,115.88,350.245,14.525,Low
1318.18,22.5775,56.6883333333333,52.36,5.937,115.88,350.245,14.525,Low
1176.35,22.9383333333333,55.1191666666666,52.36,5.937,115.88,350.245,14.525,Low
1246.03,22.7708333333333,57.0133333333333,52.36,5.937,115.88,350.245,14.525,Low
1391.21,22.2675,60.8258333333333,52.36,5.937,115.88,350.245,14.525,Low
1612.83,22.295,61.7633333333333,52.36,5.937,115.88,350.245,14.525,Low
1002.23,23.2791666666666,52.3333333333333,52.36,5.937,115.88,350.245,14.525,Low
1095.85,23.4191666666666,54.515,52.36,5.937,115.88,350.245,14.525,Low
1252.39,22.2908333333333,59.5441666666666,52.36,5.937,115.88,350.245,14.525,Low
1092.72,22.5416666666666,53.9975,52.36,5.937,115.88,350.245,14.525,Low
1481.13999999999,22.1174999999999,60.8591666666666,52.36,5.937,115.88,350.245,14.525,Low
1377.13,22.6358333333333,59.1183333333333,52.36,5.937,115.88,350.245,14.525,Low
1304.22,23.0541666666666,57.9183333333333,52.36,5.937,115.88,350.245,14.525,Low
1186.08,23.58,55.56,52.36,5.937,115.88,350.245,14.525,Low
1201.59,23.5316666666666,57.09,52.36,5.937,115.88,350.245,14.525,Low
323.98,1.11999999999999,57.2066666666666,49.993,6.983,236.527,527.301,9.274,Very Low
865.03,1.18,63.5058333333333,49.993,6.983,236.527,527.301,9.274,Very Low
771.32,0.0716666666666665,67.4141666666666,49.993,6.983,236.527,527.301,9.274,Very Low
768.49,1.38833333333333,66.335,49.993,6.983,236.527,527.301,9.274,Very Low
874.949999999999,0.823333333333333,68.0291666666666,49.993,6.983,236.527,527.301,9.274,Very Low
966.54,0.955833333333333,66.7008333333333,49.993,6.983,236.527,527.301,9.274,Very Low
638.28,1.38083333333333,61.8625,49.993,6.983,236.527,527.301,9.274,Very Low
717.03,1.63583333333333,62.2933333333333,49.993,6.983,236.527,527.301,9.274,Very Low
799.23,1.03749999999999,66.6933333333333,49.993,6.983,236.527,527.301,9.274,Very Low
873.12,0.366666666666666,64.7675,49.993,6.983,236.527,527.301,9.274,Very Low
1241.2,0.559166666666666,71.0208333333333,49.993,6.983,236.527,527.301,9.274,Very Low
1354.62999999999,0.599166666666666,71.225,49.993,6.983,236.527,527.301,9.274,Very Low
1596.17,0.0941666666666668,76.3258333333333,49.993,6.983,236.527,527.301,9.274,Very Low
1471.24,1.6125,69.8925,49.993,6.983,236.527,527.301,9.274,Very Low
1480.91,0.936666666666666,73.9483333333333,49.993,6.983,236.527,527.301,9.274,Very Low
884.03,22.5808333333333,56.6591666666666,38.66,6.315,56.945,298.326,13.743,High
1221.01,22.2733333333333,61.4316666666666,38.66,6.315,56.945,298.326,13.743,High
1208.23,22.6491666666666,59.2033333333333,38.66,6.315,56.945,298.326,13.743,High
1135.95,22.6383333333333,59.4075,38.66,6.315,56.945,298.326,13.743,High
1312.7,22.105,63.0275,38.66,6.315,56.945,298.326,13.743,High
1188.09,22.2708333333333,63.1,38.66,6.315,56.945,298.326,13.743,High
1093.22,22.8433333333333,56.8741666666666,38.66,6.315,56.945,298.326,13.743,High
1460.31,22.6899999999999,60.52,38.66,6.315,56.945,298.326,13.743,High
1498.24,21.9225,64.09,38.66,6.315,56.945,298.326,13.743,High
1093.8,22.3283333333333,56.1175,38.66,6.315,56.945,298.326,13.743,High
1433.89,22.2433333333333,60.6358333333333,38.66,6.315,56.945,298.326,13.743,High
1101.2,22.705,59.5308333333333,38.66,6.315,56.945,298.326,13.743,High
1243.43,22.99,60.815,38.66,6.315,56.945,298.326,13.743,High
1434.31,23.2691666666666,61.1116666666666,38.66,6.315,56.945,298.326,13.743,High
1209.3,23.0733333333333,62.7241666666666,38.66,6.315,56.945,298.326,13.743,High
345.51,0.629999999999999,55.5841666666666,53.484,7.208,152.445,532.438,12.227,Very Low
551.63,0.9075,58.9591666666666,53.484,7.208,152.445,532.438,12.227,Very Low
695.4,-0.182499999999999,64.9558333333333,53.484,7.208,152.445,532.438,12.227,Very Low
632.37,0.814166666666666,64.5316666666666,53.484,7.208,152.445,532.438,12.227,Very Low
849.41,0.1025,67.2866666666666,53.484,7.208,152.445,532.438,12.227,Very Low
743.35,0.485833333333333,66.0208333333333,53.484,7.208,152.445,532.438,12.227,Very Low
553.56,0.823333333333333,60.6125,53.484,7.208,152.445,532.438,12.227,Very Low
676.27,0.894166666666666,62.62,53.484,7.208,152.445,532.438,12.227,Low
776.05,0.156666666666666,68.9725,53.484,7.208,152.445,532.438,12.227,Very Low
544.07,-0.251666666666666,68.9891666666666,53.484,7.208,152.445,532.438,12.227,Low
910.14,-0.0049999999999999,75.1566666666666,53.484,7.208,152.445,532.438,12.227,Low
618.77,0.0299999999999999,70.9791666666666,53.484,7.208,152.445,532.438,12.227,Very Low
662.12,0.0999999999999998,72.1183333333333,53.484,7.208,152.445,532.438,12.227,Very Low
517.97,1.665,63.2416666666666,53.484,7.208,152.445,532.438,12.227,Very Low
620.98,1.16416666666666,67.3833333333333,53.484,7.208,152.445,532.438,12.227,Very Low
370.31,2.295,56.3249999999999,53.14,7.704,176.224,647.811,16.224,Very Low
961.28,2.3,62.6266666666666,53.14,7.704,176.224,647.811,16.224,Very Low
938.91,1.27083333333333,66.8049999999999,53.14,7.704,176.224,647.811,16.224,Very Low
932.42,2.41916666666666,66.5549999999999,53.14,7.704,176.224,647.811,16.224,Very Low
1083.81,1.8925,68.3825,53.14,7.704,176.224,647.811,16.224,Very Low
1260.21,2.04416666666666,66.7416666666666,53.14,7.704,176.224,647.811,16.224,Very Low
819.96,2.50166666666666,61.5933333333333,53.14,7.704,176.224,647.811,16.224,Very Low
844.18,2.75416666666666,61.8175,53.14,7.704,176.224,647.811,16.224,Very Low
992.42,2.09,66.7408333333333,53.14,7.704,176.224,647.811,16.224,Very Low
1128.79,1.47083333333333,65.0341666666666,53.14,7.704,176.224,647.811,16.224,Very Low
1526.53,1.57916666666666,72.0591666666666,53.14,7.704,176.224,647.811,16.224,Very Low
1637.04,1.65583333333333,70.8358333333333,53.14,7.704,176.224,647.811,16.224,Very Low
1713.26,1.22333333333333,75.8366666666666,53.14,7.704,176.224,647.811,16.224,Very Low
1600.88,2.79,68.6608333333333,53.14,7.704,176.224,647.811,16.224,Very Low
1598.28,2.15333333333333,72.5258333333333,53.14,7.704,176.224,647.811,16.224,Very Low
472.58,14.13,51.4808333333333,38.879,6.425,246.426,538.125,6.87,Very Low
1213.16,13.7208333333333,60.2816666666666,38.879,6.425,246.426,538.125,6.87,Very Low
1195.52,13.5,60.51,38.879,6.425,246.426,538.125,6.87,Very Low
1188.11,13.8125,63.0591666666666,38.879,6.425,246.426,538.125,6.87,Very Low
1383.27,13.485,64.9916666666666,38.879,6.425,246.426,538.125,6.87,Very Low
1670.5,13.43,65.3483333333333,38.879,6.425,246.426,538.125,6.87,Very Low
1054.82,14.0991666666666,58.5241666666666,38.879,6.425,246.426,538.125,6.87,Very Low
1106.79,14.4133333333333,59.15,38.879,6.425,246.426,538.125,6.87,Very Low
1262.37,13.4083333333333,64.91,38.879,6.425,246.426,538.125,6.87,Very Low
1427.02,13.5083333333333,59.87,38.879,6.425,246.426,538.125,6.87,Very Low
1894.37999999999,13.3116666666666,68.2608333333333,38.879,6.425,246.426,538.125,6.87,Very Low
1982.8,13.5733333333333,65.8541666666666,38.879,6.425,246.426,538.125,6.87,Very Low
1963.95,13.37,68.5925,38.879,6.425,246.426,538.125,6.87,Very Low
1910.03,14.2191666666666,63.9333333333333,38.879,6.425,246.426,538.125,6.87,Very Low
1879.02,13.9799999999999,66.7975,38.879,6.425,246.426,538.125,6.87,Very Low
537.19,22.6058333333333,45.9483333333333,49.401,6.257,57.985,256.365,14.686,High
1292.02,21.8133333333333,55.3633333333333,49.401,6.257,57.985,256.365,14.686,High
1272.34,22.0316666666666,54.7266666666666,49.401,6.257,57.985,256.365,14.686,High
1266.72,21.89,57.1416666666666,49.401,6.257,57.985,256.365,14.686,High
1465.35,21.5158333333333,59.8633333333333,49.401,6.257,57.985,256.365,14.686,High
1770.43,21.4641666666666,60.9016666666666,49.401,6.257,57.985,256.365,14.686,High
1105.94,22.3541666666666,52.7016666666666,49.401,6.257,57.985,256.365,14.686,High
1214.25,22.6591666666666,54.3458333333333,49.401,6.257,57.985,256.365,14.686,High
1311.41999999999,21.485,59.1416666666666,49.401,6.257,57.985,256.365,14.686,High
1349.47,21.8041666666666,54.47,49.401,6.257,57.985,256.365,14.686,High
1841.1,21.255,63.0866666666666,49.401,6.257,57.985,256.365,14.686,High
1768.65,21.76,59.8725,49.401,6.257,57.985,256.365,14.686,High
1762.94999999999,21.9441666666666,59.5666666666666,49.401,6.257,57.985,256.365,14.686,High
1759.55,22.4525,56.9833333333333,49.401,6.257,57.985,256.365,14.686,High
1762.07,22.4749999999999,58.8625,49.401,6.257,57.985,256.365,14.686,High
480.89,17.095,50.9791666666666,47.021,5.91,139.135,366.375,14.628,Low
1241.72,16.3608333333333,61.6091666666666,47.021,5.91,139.135,366.375,14.628,Low
1066.27,16.5766666666666,59.2666666666666,47.021,5.91,139.135,366.375,14.628,Low
1096.05,16.7408333333333,61.0049999999999,47.021,5.91,139.135,366.375,14.628,Low
1182.71,16.3483333333333,64.04,47.021,5.91,139.135,366.375,14.628,Low
1314.43,16.3458333333333,64.1441666666666,47.021,5.91,139.135,366.375,14.628,Low
869.93,17.1725,55.5041666666666,47.021,5.91,139.135,366.375,14.628,Low
1006.37,17.3216666666666,57.7683333333333,47.021,5.91,139.135,366.375,14.628,Low
1084.54,16.2291666666666,63.7816666666666,47.021,5.91,139.135,366.375,14.628,Low
1006.99,16.4749999999999,56.6825,47.021,5.91,139.135,366.375,14.628,Low
1423.04,16.2291666666666,64.5066666666666,47.021,5.91,139.135,366.375,14.628,Low
1370.13999999999,16.5883333333333,63.5775,47.021,5.91,139.135,366.375,14.628,Low
1276.56,16.6558333333333,64.4958333333333,47.021,5.91,139.135,366.375,14.628,Low
1210.85,17.2525,61.5425,47.021,5.91,139.135,366.375,14.628,Low
1171.58,17.2,62.9375,47.021,5.91,139.135,366.375,14.628,Low
569.48,15.9933333333333,56.1983333333333,57.275,6.061,117.235,360.235,13.372,Very Low
984.02,15.5808333333333,63.6491666666666,57.275,6.061,117.235,360.235,13.372,Very Low
887.29,15.7883333333333,60.91,57.275,6.061,117.235,360.235,13.372,Very Low
845.35,16.0608333333333,61.4666666666666,57.275,6.061,117.235,360.235,13.372,Very Low
961.33,15.6541666666666,64.9791666666666,57.275,6.061,117.235,360.235,13.372,Very Low
909.33,15.6366666666666,65.0541666666666,57.275,6.061,117.235,360.235,13.372,Very Low
717.62,16.3316666666666,56.9791666666666,57.275,6.061,117.235,360.235,13.372,Very Low
952.0,16.2375,61.1366666666666,57.275,6.061,117.235,360.235,13.372,Very Low
1022.44999999999,15.3441666666666,66.6758333333333,57.275,6.061,117.235,360.235,13.372,Very Low
826.29,15.6258333333333,57.6416666666666,57.275,6.061,117.235,360.235,13.372,Very Low
1111.71,15.6716666666666,62.75,57.275,6.061,117.235,360.235,13.372,Very Low
904.32,15.9458333333333,62.8241666666666,57.275,6.061,117.235,360.235,13.372,Very Low
1137.19,15.9191666666666,66.1216666666666,57.275,6.061,117.235,360.235,13.372,Very Low
1232.81,16.345,65.9666666666666,57.275,6.061,117.235,360.235,13.372,Very Low
1072.21,16.1816666666666,66.9933333333333,57.275,6.061,117.235,360.235,13.372,Very Low
556.51,22.6975,45.9608333333333,47.675,6.526,39.365,172.256,15.414,Low
1291.55,21.9933333333333,54.5591666666666,47.675,6.526,39.365,172.256,15.414,Low
1336.17999999999,22.1508333333333,54.5758333333333,47.675,6.526,39.365,172.256,15.414,Low
1311.24,21.9758333333333,57.1133333333333,47.675,6.526,39.365,172.256,15.414,Low
1559.44,21.6174999999999,59.7458333333333,47.675,6.526,39.365,172.256,15.414,Low
1916.87999999999,21.5325,61.0941666666666,47.675,6.526,39.365,172.256,15.414,Low
1174.9,22.405,53.12,47.675,6.526,39.365,172.256,15.414,Low
1284.14999999999,22.7525,54.5375,47.675,6.526,39.365,172.256,15.414,Low
1381.69,21.5741666666666,59.215,47.675,6.526,39.365,172.256,15.414,Low
1463.67,21.9116666666666,54.7725,47.675,6.526,39.365,172.256,15.414,Low
1975.53,21.3508333333333,63.4691666666666,47.675,6.526,39.365,172.256,15.414,Low
1884.76,21.8691666666666,59.71,47.675,6.526,39.365,172.256,15.414,Low
1735.63,22.0883333333333,59.035,47.675,6.526,39.365,172.256,15.414,Low
1775.65,22.5733333333333,56.5316666666666,47.675,6.526,39.365,172.256,15.414,Low
1774.3,22.6266666666666,58.3708333333333,47.675,6.526,39.365,172.256,15.414,Low
827.39,13.8325,64.3516666666666,60.245,6.125,107.126,405.325,15.787,Low
1027.24,13.6883333333333,68.7366666666666,60.245,6.125,107.126,405.325,15.787,Low
1044.38,13.8691666666666,66.6658333333333,60.245,6.125,107.126,405.325,15.787,Low
950.16,14.1808333333333,66.315,60.245,6.125,107.126,405.325,15.787,Low
1143.58,13.8366666666666,69.2508333333333,60.245,6.125,107.126,405.325,15.787,Low
1045.99,13.7516666666666,70.07,60.245,6.125,107.126,405.325,15.787,Low
988.8,14.2041666666666,64.3166666666666,60.245,6.125,107.126,405.325,15.787,Low
1396.19,14.1991666666666,66.7466666666666,60.245,6.125,107.126,405.325,15.787,Low
1338.1,13.4775,71.6966666666666,60.245,6.125,107.126,405.325,15.787,Low
1041.1,13.6841666666666,63.5816666666666,60.245,6.125,107.126,405.325,15.787,Low
1412.12,13.9408333333333,66.5725,60.245,6.125,107.126,405.325,15.787,Very Low
1044.58,14.1233333333333,67.7341666666666,60.245,6.125,107.126,405.325,15.787,Low
1271.21,14.1049999999999,71.4858333333333,60.245,6.125,107.126,405.325,15.787,Low
1431.7,14.5533333333333,70.1591666666666,60.245,6.125,107.126,405.325,15.787,Low
1269.82,14.3549999999999,71.5958333333333,60.245,6.125,107.126,405.325,15.787,Low
472.58,14.13,51.4808333333333,42.223,6.008,115.654,156.325,11.959,Very Low
1213.16,13.7208333333333,60.2816666666666,42.223,6.008,115.654,156.325,11.959,Very Low
1195.52,13.5,60.51,42.223,6.008,115.654,156.325,11.959,Very Low
1188.11,13.8125,63.0591666666666,42.223,6.008,115.654,156.325,11.959,Low
1383.27,13.485,64.9916666666666,42.223,6.008,115.654,156.325,11.959,Low
1670.5,13.43,65.3483333333333,42.223,6.008,115.654,156.325,11.959,Very Low
1054.82,14.0991666666666,58.5241666666666,42.223,6.008,115.654,156.325,11.959,Very Low
1106.79,14.4133333333333,59.15,42.223,6.008,115.654,156.325,11.959,Very Low
1262.37,13.4083333333333,64.91,42.223,6.008,115.654,156.325,11.959,Very Low
1427.02,13.5083333333333,59.87,42.223,6.008,115.654,156.325,11.959,Very Low
1894.37999999999,13.3116666666666,68.2608333333333,42.223,6.008,115.654,156.325,11.959,Very Low
1982.8,13.5733333333333,65.8541666666666,42.223,6.008,115.654,156.325,11.959,Very Low
1963.95,13.37,68.5925,42.223,6.008,115.654,156.325,11.959,Very Low
1910.03,14.2191666666666,63.9333333333333,42.223,6.008,115.654,156.325,11.959,Very Low
1879.02,13.9799999999999,66.7975,42.223,6.008,115.654,156.325,11.959,Very Low
1300.0,22.0,55.0,46.976,6.245,56.36,250.365,15.043,High
1250.0,21.0,56.0,46.976,6.245,56.36,250.365,15.043,High
1620.0,23.0,54.0,46.976,6.245,56.36,250.365,15.043,High
1890.0,24.0,58.0,46.976,6.245,56.36,250.365,15.043,High
1452.0,25.0,52.0,46.976,6.245,56.36,250.365,15.043,High
1354.0,25.0,53.0,46.976,6.245,56.36,250.365,15.043,High
1654.0,24.0,51.0,46.976,6.245,56.36,250.365,15.043,High
1234.0,21.0,52.0,46.976,6.245,56.36,250.365,15.043,High
1325.0,23.0,52.0,46.976,6.245,56.36,250.365,15.043,High
1254.0,26.0,51.0,46.976,6.245,56.36,250.365,15.043,High
1354.0,24.0,54.0,46.976,6.245,56.36,250.365,15.043,High
1564.0,21.0,56.0,46.976,6.245,56.36,250.365,15.043,High
1654.0,23.0,56.0,46.976,6.245,56.36,250.365,15.043,High
1698.0,22.0,54.0,46.976,6.245,56.36,250.365,15.043,High
1548.0,25.0,58.0,46.976,6.245,56.36,250.365,15.043,High
2451.0,22.0,57.0,46.038,6.689,158.584,466.028,8.019,Medium
2140.0,25.0,54.0,46.038,6.689,158.584,466.028,8.019,Medium
2410.0,23.0,58.0,46.038,6.689,158.584,466.028,8.019,Medium
2140.0,24.0,59.0,46.038,6.689,158.584,466.028,8.019,Medium
2310.0,26.0,55.0,46.038,6.689,158.584,466.028,8.019,Medium
2150.0,22.0,56.0,46.038,6.689,158.584,466.028,8.019,Medium
2140.0,24.0,52.0,46.038,6.689,158.584,466.028,8.019,Medium
1698.0,23.0,54.0,46.038,6.689,158.584,466.028,8.019,Medium
1982.0,21.0,53.0,46.038,6.689,158.584,466.028,8.019,Medium
1962.0,25.0,52.0,46.038,6.689,158.584,466.028,8.019,Medium
1985.0,21.0,51.0,46.038,6.689,158.584,466.028,8.019,Medium
1689.0,25.0,56.0,46.038,6.689,158.584,466.028,8.019,Medium
2012.0,26.0,52.0,46.038,6.689,158.584,466.028,8.019,Medium
2032.0,21.0,53.0,46.038,6.689,158.584,466.028,8.019,Medium
2321.0,25.0,54.0,46.038,6.689,158.584,466.028,8.019,Medium
1700.0,25.0,53.0,53.918,6.102,121.204,390.919,13.135,Low
1520.0,26.0,54.0,53.918,6.102,121.204,390.919,13.135,Low
1420.0,24.0,52.0,53.918,6.102,121.204,390.919,13.135,Low
1620.0,25.0,54.0,53.918,6.102,121.204,390.919,13.135,Low
1530.0,25.0,52.0,53.918,6.102,121.204,390.919,13.135,Low
1470.0,23.0,53.0,53.918,6.102,121.204,390.919,13.135,Low
1895.0,22.0,56.0,53.918,6.102,121.204,390.919,13.135,Low
1542.0,21.0,54.0,53.918,6.102,121.204,390.919,13.135,Low
1254.0,26.0,52.0,53.918,6.102,121.204,390.919,13.135,Low
1254.0,28.0,51.0,53.918,6.102,121.204,390.919,13.135,Low
1654.0,27.0,57.0,53.918,6.102,121.204,390.919,13.135,Low
1985.0,24.0,58.0,53.918,6.102,121.204,390.919,13.135,Low
1965.0,25.0,59.0,53.918,6.102,121.204,390.919,13.135,Low
1852.0,24.0,56.0,53.918,6.102,121.204,390.919,13.135,Low
1654.0,26.0,52.0,53.918,6.102,121.204,390.919,13.135,Low
362.82,6.46083333333333,57.0608333333333,44.469,6.31,242.532,504.135,8.358,Very Low
996.77,6.15166666666666,66.675,44.469,6.31,242.532,504.135,8.358,Very Low
831.41,5.76666666666666,65.6608333333333,44.469,6.31,242.532,504.135,8.358,Very Low
831.98,6.64666666666666,65.4583333333333,44.469,6.31,242.532,504.135,8.358,Very Low
910.069999999999,6.18666666666666,68.2975,44.469,6.31,242.532,504.135,8.358,Very Low
960.4,6.20166666666666,67.3333333333333,44.469,6.31,242.532,504.135,8.358,Very Low
648.55,6.79333333333333,60.0658333333333,44.469,6.31,242.532,504.135,8.358,Very Low
798.67,6.95499999999999,62.1608333333333,44.469,6.31,242.532,504.135,8.358,Very Low
826.06,6.17,68.0266666666666,44.469,6.31,242.532,504.135,8.358,Very Low
808.53,5.88333333333333,61.9308333333333,44.469,6.31,242.532,504.135,8.358,Very Low
1181.8,6.04666666666666,69.2316666666666,44.469,6.31,242.532,504.135,8.358,Very Low
1199.1,6.12083333333333,70.225,44.469,6.31,242.532,504.135,8.358,Very Low
1112.36,6.06166666666666,72.8191666666666,44.469,6.31,242.532,504.135,8.358,Very Low
1057.86,6.95916666666666,67.9341666666666,44.469,6.31,242.532,504.135,8.358,Very Low
1026.25,6.64666666666666,70.3075,44.469,6.31,242.532,504.135,8.358,Very Low
798.39,25.5625,49.8166666666666,43.895,6.98,54.245,205.255,22.512,Medium
1213.09,25.1758333333333,54.775,43.895,6.98,54.245,205.255,22.512,Medium
1130.17,25.5591666666666,53.7775,43.895,6.98,54.245,205.255,22.512,Medium
1243.42,25.2841666666666,55.4116666666666,43.895,6.98,54.245,205.255,22.512,Medium
1495.56,24.5999999999999,60.2974999999999,43.895,6.98,62.245,296.325,22.512,High
1779.03,24.615,61.8491666666666,43.895,6.98,62.245,296.325,22.512,High
998.56,25.7158333333333,51.6058333333333,43.895,6.98,62.245,296.325,22.512,High
1050.37,25.8725,53.4433333333333,43.895,6.98,62.245,296.325,22.512,High
1266.94,24.7758333333333,58.1508333333333,43.895,6.98,62.245,296.325,22.512,High
1081.25,24.9025,53.4091666666666,43.895,6.98,62.245,296.325,22.512,High
1361.97,24.4616666666666,59.2566666666666,43.895,6.98,62.245,296.325,22.512,High
1291.43,24.9625,57.8249999999999,43.895,6.98,62.245,296.325,22.512,High
1204.92,25.685,55.0566666666666,43.895,6.98,62.245,296.325,22.512,High
1017.52,26.2316666666666,52.6091666666666,43.895,6.98,62.245,296.325,22.512,High
1092.99,26.1183333333333,54.5033333333333,43.895,6.98,62.245,296.325,22.512,High
1200.0,22.0,54.0,44.264,6.523,114.235,485.326,17.167,Medium
1560.0,25.0,56.0,44.264,6.523,114.235,485.326,17.167,Medium
1542.0,26.0,54.0,44.264,6.523,114.235,485.326,17.167,Medium
1562.0,24.0,57.0,44.264,6.523,114.235,485.326,17.167,Medium
1542.0,24.0,58.0,44.264,6.523,114.235,485.326,17.167,Medium
1654.0,19.0,59.0,44.264,6.523,114.235,485.326,17.167,Medium
1452.0,23.0,56.0,44.264,6.523,114.235,485.326,17.167,Medium
1654.0,25.0,51.0,44.264,6.523,114.235,485.326,17.167,Medium
1452.0,24.0,52.0,44.264,6.523,114.235,485.326,17.167,Medium
1871.0,25.0,53.0,44.264,6.523,114.235,485.326,17.167,Medium
1974.0,24.0,56.0,44.264,6.523,114.235,485.326,17.167,Medium
1564.0,21.0,54.0,44.264,6.523,114.235,485.326,17.167,Medium
1585.0,25.0,58.0,44.264,6.523,114.235,485.326,17.167,Medium
1564.0,21.0,57.0,44.264,6.523,114.235,485.326,17.167,Medium
1546.0,23.0,59.0,44.264,6.523,114.235,485.326,17.167,Medium
574.18,11.0808333333333,51.9424999999999,51.23,6.392,105.312,489.354,12.325,Medium
1013.42,10.9291666666666,58.0749999999999,51.23,6.392,105.312,489.354,12.325,Medium
1229.07,10.3941666666666,60.3741666666666,51.23,6.392,105.312,489.354,12.325,Medium
1136.92,10.8549999999999,62.7108333333333,51.23,6.392,105.312,489.354,12.325,Medium
1479.77,10.4166666666666,65.0616666666666,51.23,6.392,105.312,489.354,12.325,Medium
1542.35,10.4758333333333,64.1408333333333,51.23,6.392,105.312,489.354,12.325,Medium
1061.99,11.1616666666666,57.3916666666666,51.23,6.392,105.312,489.354,12.325,Medium
1194.94,11.3233333333333,59.2425,51.23,6.392,105.312,489.354,12.325,Medium
1470.09,10.365,65.5241666666666,51.23,6.392,105.312,489.354,12.325,Medium
1176.0,10.2533333333333,62.2941666666666,51.23,6.392,105.312,489.354,12.325,Medium
1713.06,10.3875,69.8666666666666,51.23,6.392,105.312,489.354,12.325,Medium
1259.35,10.6216666666666,64.6783333333333,51.23,6.392,105.312,489.354,12.325,Medium
1178.17,10.5108333333333,67.2716666666666,51.23,6.392,105.312,489.354,12.325,Medium
1173.42,11.47,61.7716666666666,51.23,6.392,105.312,489.354,12.325,Medium
1185.95,11.2508333333333,63.7175,51.23,6.392,105.312,489.354,12.325,Medium
567.1,22.8133333333333,45.65,37.048,6.671,67.191,289.365,16.189,High
1265.41,22.1608333333333,53.76,37.048,6.671,67.191,289.365,16.189,High
1344.57,22.2766666666666,54.0316666666666,37.048,6.671,67.191,289.365,16.189,High
1308.29,22.1175,56.5208333333333,37.048,6.671,67.191,289.365,16.189,High
1576.79,21.7574999999999,59.1241666666666,37.048,6.671,67.191,289.365,16.189,High
1934.2,21.665,60.4775,37.048,6.671,67.191,289.365,16.189,High
1183.38,22.5425,52.6066666666666,37.048,6.671,67.191,289.365,16.189,High
1301.66,22.8774999999999,54.1558333333333,37.048,6.671,67.191,289.365,16.189,High
1396.43,21.7083333333333,58.6758333333333,37.048,6.671,67.191,289.365,16.189,High
1456.3,22.0283333333333,54.4016666666666,37.048,6.671,67.191,289.365,16.189,High
1970.41999999999,21.4891666666666,63.0266666666666,37.048,6.671,67.191,289.365,16.189,High
1820.41,22.0316666666666,58.7341666666666,37.048,6.671,67.191,289.365,16.189,High
1639.24,22.2616666666666,57.9166666666666,37.048,6.671,67.191,289.365,16.189,High
1709.81,22.7266666666666,55.6158333333333,37.048,6.671,67.191,289.365,16.189,High
1706.21,22.7874999999999,57.4133333333333,37.048,6.671,67.191,289.365,16.189,High
669.01,20.5,46.9066666666666,48.124,6.564,125.253,410.258,16.819,Medium
1085.87,20.1508333333333,52.3941666666666,48.124,6.564,125.253,410.258,16.819,Medium
1308.07,19.9591666666666,53.9708333333333,48.124,6.564,125.253,410.258,16.819,Medium
1219.16,20.11,55.4733333333333,48.124,6.564,125.253,410.258,16.819,Medium
1560.72,19.6158333333333,59.0674999999999,48.124,6.564,125.253,410.258,16.819,Medium
1709.46,19.5908333333333,59.66,48.124,6.564,125.253,410.258,16.819,Medium
1143.82,20.4941666666666,52.1433333333333,48.124,6.564,125.253,410.258,16.819,Medium
1278.7,20.6733333333333,54.71,48.124,6.564,125.253,410.258,16.819,High
1596.93,19.5325,59.9341666666666,48.124,6.564,125.253,410.258,16.819,High
1271.48,19.7666666666666,55.9158333333333,48.124,6.564,125.253,410.258,16.819,Medium
1806.62,19.5733333333333,64.0541666666666,48.124,6.564,125.253,410.258,16.819,High
1305.61,20.0875,56.6966666666666,48.124,6.564,125.253,410.258,16.819,High
1218.73,20.1074999999999,57.3716666666666,48.124,6.564,125.253,410.258,16.819,High
1350.41,20.6666666666666,54.4225,48.124,6.564,125.253,410.258,16.819,High
1306.41,20.7216666666666,55.8958333333333,48.124,6.564,125.253,410.258,16.819,High
678.79,15.335,59.93,59.98,6.186,199.486,490.351,10.397,Very Low
988.849999999999,15.0541666666666,65.87,59.98,6.186,199.486,490.351,10.397,Very Low
947.98,15.2391666666666,63.645,59.98,6.186,199.486,490.351,10.397,Very Low
876.86,15.5333333333333,63.5575,59.98,6.186,199.486,490.351,10.397,Very Low
1024.27,15.15,66.8225,59.98,6.186,199.486,490.351,10.397,Very Low
935.12,15.1041666666666,67.3133333333333,59.98,6.186,199.486,490.351,10.397,Very Low
830.22,15.6708333333333,60.4033333333333,59.98,6.186,199.486,490.351,10.397,Very Low
1159.9,15.595,63.935,59.98,6.186,199.486,490.351,10.397,Very Low
1163.6,14.7983333333333,69.2158333333333,59.98,6.186,199.486,490.351,10.397,Very Low
899.91,15.0583333333333,60.4933333333333,59.98,6.186,199.486,490.351,10.397,Very Low
1240.59,15.2183333333333,64.4183333333333,59.98,6.186,199.486,490.351,10.397,Very Low
936.45,15.4383333333333,65.1083333333333,59.98,6.186,199.486,490.351,10.397,Very Low
1159.88,15.445,68.4591666666666,59.98,6.186,199.486,490.351,10.397,Very Low
1265.27,15.8708333333333,67.8383333333333,59.98,6.186,199.486,490.351,10.397,Very Low
1095.81,15.6825,69.0625,59.98,6.186,199.486,490.351,10.397,Very Low
732.22,23.425,53.3441666666666,40.918,6.18,54.244,256.325,20.145,High
1126.1,23.0208333333333,59.0408333333333,40.918,6.18,54.244,256.325,20.145,High
1058.24,23.435,56.57,40.918,6.18,54.244,256.325,20.145,Medium
1054.44,23.3616666666666,57.3016666666666,40.918,6.18,54.244,256.325,20.145,High
1163.92,22.795,61.2116666666666,40.918,6.18,54.244,256.325,20.145,High
1111.88,22.9758333333333,61.1933333333333,40.918,6.18,54.244,256.325,20.145,Medium
916.869999999999,23.6983333333333,53.7241666666666,40.918,6.18,54.244,256.325,20.145,Medium
1101.96,23.5316666666666,57.7308333333333,40.918,6.18,54.244,256.325,20.145,High
1247.4,22.6691666666666,61.725,40.918,6.18,54.244,256.325,20.145,High
921.03,23.0616666666666,53.7525,40.918,6.18,54.244,256.325,20.145,High
1179.66,22.88,58.7566666666666,40.918,6.18,54.244,256.325,20.145,High
992.69,23.3575,57.7241666666666,40.918,6.18,54.244,256.325,20.145,Medium
1223.4,23.6058333333333,59.1333333333333,40.918,6.18,54.244,256.325,20.145,High
1377.81,23.8591666666666,59.7741666666666,40.918,6.18,54.244,256.325,20.145,High
1172.27,23.7491666666666,60.9533333333333,40.918,6.18,54.244,256.325,20.145,High
704.67,23.465,50.0374999999999,48.005,6.666,54.564,265.365,14.401,High
1233.66,22.9375,56.72,48.005,6.666,54.564,265.365,14.401,High
1115.13,23.3258333333333,55.0591666666666,48.005,6.666,54.564,265.365,14.401,High
1198.51,23.1441666666666,56.8141666666666,48.005,6.666,54.564,265.365,14.401,High
1389.57,22.5633333333333,61.15,48.005,6.666,54.564,265.365,14.401,High
1604.73,22.5841666666666,62.2541666666666,48.005,6.666,54.564,265.365,14.401,High
955.17,23.6033333333333,52.4408333333333,48.005,6.666,54.564,265.365,14.401,High
1043.36,23.7266666666666,54.6066666666666,48.005,6.666,54.564,265.365,14.401,High
1224.19,22.62,59.7158333333333,48.005,6.666,54.564,265.365,14.401,High
1055.58,22.8541666666666,53.8691666666666,48.005,6.666,54.564,265.365,14.401,High
1368.8,22.49,60.0016666666666,48.005,6.666,54.564,265.365,14.401,High
1281.89,22.9483333333333,58.8874999999999,48.005,6.666,54.564,265.365,14.401,High
1218.18,23.4408333333333,57.5233333333333,48.005,6.666,54.564,265.365,14.401,High
1096.23,23.9575,55.3799999999999,48.005,6.666,54.564,265.365,14.401,High
1096.19,23.8808333333333,56.8533333333333,48.005,6.666,54.564,265.365,14.401,High
610.95,21.3666666666666,50.2583333333333,53.46,6.293,130.256,506.321,15.023,Low
1254.24,20.7033333333333,58.6658333333333,53.46,6.293,130.256,506.321,15.023,Low
1100.1,21.0933333333333,56.3416666666666,53.46,6.293,130.256,506.321,15.023,Low
1153.61,21.0008333333333,58.2175,53.46,6.293,130.256,506.321,15.023,Low
1283.55,20.5266666666666,62.0008333333333,53.46,6.293,130.256,506.321,15.023,Low
1430.41999999999,20.5516666666666,62.6608333333333,53.46,6.293,130.256,506.321,15.023,Low
911.79,21.4916666666666,53.2708333333333,53.46,6.293,130.256,506.321,15.023,Low
1036.28,21.5783333333333,55.7691666666666,53.46,6.293,130.256,506.321,15.023,Low
1181.44,20.4641666666666,61.2816666666666,53.46,6.293,130.256,506.321,15.023,Low
1029.92,20.8066666666666,54.3274999999999,53.46,6.293,130.256,506.321,15.023,Low
1375.65,20.5175,60.745,53.46,6.293,130.256,506.321,15.023,Low
1272.34,20.9366666666666,59.9533333333333,53.46,6.293,130.256,506.321,15.023,Low
1231.41,21.195,59.9916666666666,53.46,6.293,130.256,506.321,15.023,Low
1174.91,21.6833333333333,58.1491666666666,53.46,6.293,130.256,506.321,15.023,Low
1099.39999999999,21.6433333333333,59.2058333333333,53.46,6.293,130.256,506.321,15.023,Low
1120.0,6.0,60.0,47.909,6.059,105.625,406.325,9.758,Medium
1254.0,9.0,62.0,47.909,6.059,105.625,406.325,9.758,Medium
995.0,8.0,63.0,47.909,6.059,105.625,406.325,9.758,Medium
998.0,9.0,61.0,47.909,6.059,105.625,406.325,9.758,Medium
997.0,11.0,65.0,47.909,6.059,105.625,406.325,9.758,Medium
987.0,10.0,64.0,47.909,6.059,105.625,406.325,9.758,Medium
965.0,12.0,62.0,47.909,6.059,105.625,406.325,9.758,Medium
954.0,9.0,62.0,47.909,6.059,105.625,406.325,9.758,Low
978.0,10.0,61.0,47.909,6.059,105.625,406.325,9.758,Medium
945.0,9.0,60.0,47.909,6.059,105.625,406.325,9.758,Medium
1124.0,8.0,59.0,47.909,6.059,105.625,406.325,9.758,Medium
1120.0,10.0,58.0,47.909,6.059,105.625,406.325,9.758,Medium
1124.0,12.0,57.0,47.909,6.059,105.625,406.325,9.758,Medium
1021.0,13.0,62.0,47.909,6.059,105.625,406.325,9.758,Medium
1201.0,10.0,61.0,47.909,6.059,105.625,406.325,9.758,Medium
1420.0,25.0,66.0,47.361,6.732,54.325,244.25,16.789,High
1220.0,22.0,64.0,47.361,6.732,54.325,244.25,16.789,High
1450.0,21.0,65.0,47.361,6.732,54.325,244.25,16.789,High
998.0,20.0,67.0,47.361,6.732,54.325,244.25,16.789,High
1254.0,23.0,61.0,47.361,6.732,54.325,244.25,16.789,High
1452.0,25.0,56.0,47.361,6.732,54.325,244.25,16.789,High
1452.0,24.0,54.0,47.361,6.732,54.325,244.25,16.789,High
998.0,26.0,59.0,47.361,6.732,54.325,244.25,16.789,High
1244.0,21.0,67.0,47.361,6.732,54.325,244.25,16.789,High
1021.0,23.0,53.0,47.361,6.732,54.325,244.25,16.789,High
1545.0,24.0,54.0,47.361,6.732,54.325,244.25,16.789,Medium
1201.0,21.0,56.0,47.361,6.732,54.325,244.25,16.789,High
1655.0,23.0,58.0,47.361,6.732,54.325,244.25,16.789,Medium
902.0,21.0,59.0,47.361,6.732,54.325,244.25,16.789,High
1120.0,22.0,62.0,47.361,6.732,54.325,244.25,16.789,High
333.909999999999,-2.66583333333333,54.8208333333333,56.528,6.316,209.576,501.948,9.576,Low
548.38,-2.66166666666666,58.1866666666666,56.528,6.316,209.576,501.948,9.576,Low
435.75,-3.21583333333333,57.8466666666666,56.528,6.316,209.576,501.948,9.576,Low
392.63,-2.0675,56.4875,56.528,6.316,209.576,501.948,9.576,Low
576.91,-2.3675,58.3066666666666,56.528,6.316,209.576,501.948,9.576,Low
513.14,-2.67999999999999,59.8758333333333,56.528,6.316,209.576,501.948,9.576,Low
325.91,-2.19999999999999,53.8608333333333,56.528,6.316,209.576,501.948,9.576,Low
542.89,-2.10416666666666,55.9883333333333,56.528,6.316,209.576,501.948,9.576,Low
534.5,-2.735,60.6433333333333,56.528,6.316,209.576,501.948,9.576,Low
434.4,-3.32666666666666,56.5616666666666,56.528,6.316,209.576,501.948,9.576,Low
593.86,-2.74083333333333,59.1641666666666,56.528,6.316,209.576,501.948,9.576,Very Low
521.3,-2.77333333333333,60.5383333333333,56.528,6.316,209.576,501.948,9.576,Very Low
527.79,-2.55166666666666,60.6941666666666,56.528,6.316,209.576,501.948,9.576,Very Low
617.15,-1.76666666666666,60.7433333333333,56.528,6.316,209.576,501.948,9.576,Very Low
582.02,-2.26916666666666,61.8483333333333,56.528,6.316,209.576,501.948,9.576,Very Low
884.03,22.5808333333333,56.6591666666666,35.45,6.369,61.078,261.282,16.772,High
1221.01,22.2733333333333,61.4316666666666,35.45,6.369,61.078,261.282,16.772,High
1208.23,22.6491666666666,59.2033333333333,35.45,6.369,61.078,261.282,16.772,High
1135.95,22.6383333333333,59.4075,35.45,6.369,61.078,261.282,16.772,High
1312.7,22.105,63.0275,35.45,6.369,61.078,261.282,16.772,High
1188.09,22.2708333333333,63.1,35.45,6.369,61.078,261.282,16.772,Medium
1093.22,22.8433333333333,56.8741666666666,35.45,6.369,61.078,261.282,16.772,High
1460.31,22.6899999999999,60.52,35.45,6.369,61.078,261.282,16.772,High
1498.24,21.9225,64.09,35.45,6.369,61.078,261.282,16.772,High
1093.8,22.3283333333333,56.1175,35.45,6.369,61.078,261.282,16.772,High
1433.89,22.2433333333333,60.6358333333333,35.45,6.369,61.078,261.282,16.772,High
1101.2,22.705,59.5308333333333,35.45,6.369,61.078,261.282,16.772,High
1243.43,22.99,60.815,35.45,6.369,61.078,261.282,16.772,High
1434.31,23.2691666666666,61.1116666666666,35.45,6.369,61.078,261.282,16.772,High
1209.3,23.0733333333333,62.7241666666666,35.45,6.369,61.078,261.282,16.772,High
666.87,20.0975,47.1725,46.726,6.661,95.235,414.256,16.875,High
986.33,19.8466666666666,51.8391666666666,46.726,6.661,95.235,414.256,16.875,High
1240.86,19.4933333333333,54.44,46.726,6.661,95.235,414.256,16.875,High
1116.38999999999,19.8108333333333,54.9641666666666,46.726,6.661,95.235,414.256,16.875,High
1496.2,19.2391666666666,59.0416666666666,46.726,6.661,95.235,414.256,16.875,High
1456.27,19.2025,59.4441666666666,46.726,6.661,95.235,414.256,16.875,High
1054.05,20.1791666666666,51.8008333333333,46.726,6.661,95.235,414.256,16.875,High
1273.47,20.3183333333333,54.8225,46.726,6.661,95.235,414.256,16.875,High
1584.03,19.0908333333333,61.0616666666666,46.726,6.661,95.235,414.256,16.875,High
1101.5,19.4824999999999,56.425,46.726,6.661,95.235,414.256,16.875,High
1714.85,19.3158333333333,64.6883333333333,46.726,6.661,95.235,414.256,16.875,High
1147.68999999999,19.8233333333333,56.7558333333333,46.726,6.661,95.235,414.256,16.875,High
1110.54,19.8266666666666,57.4,46.726,6.661,95.235,414.256,16.875,High
1121.46,20.4425,53.5166666666666,46.726,6.661,95.235,414.256,16.875,High
1131.91,20.465,55.0175,46.726,6.661,95.235,414.256,16.875,High
514.55,18.4125,48.7216666666666,36.385,6.363,41.256,195.654,14.16,Medium
1252.37,17.8566666666666,57.4199999999999,36.385,6.363,41.256,195.654,14.16,Medium
1265.85,17.825,57.5433333333333,36.385,6.363,41.256,195.654,14.16,Medium
1249.69,17.8925,60.0858333333333,36.385,6.363,41.256,195.654,14.16,Medium
1471.35,17.5508333333333,62.3691666666666,36.385,6.363,41.256,195.654,14.16,Medium
1793.7,17.4824999999999,63.2225,36.385,6.363,41.256,195.654,14.16,Medium
1114.88,18.2525,55.8225,36.385,6.363,41.256,195.654,14.16,Low
1195.46,18.5825,56.845,36.385,6.363,41.256,195.654,14.16,Low
1322.05,17.49,62.0608333333333,36.385,6.363,41.256,195.654,14.16,Low
1445.34,17.7091666666666,57.3225,36.385,6.363,41.256,195.654,14.16,Low
1934.97,17.3316666666666,65.8658333333333,36.385,6.363,41.256,195.654,14.16,Low
1933.76,17.72,62.7825,36.385,6.363,41.256,195.654,14.16,Low
1849.78,17.7308333333333,63.8141666666666,36.385,6.363,41.256,195.654,14.16,Low
1842.81,18.3958333333333,60.2333333333333,36.385,6.363,41.256,195.654,14.16,Low
1826.67,18.3025,62.5825,36.385,6.363,41.256,195.654,14.16,Low
414.9,12.815,52.9883333333333,43.307,6.159,45.625,204.265,14.089,Very Low
1126.06,12.3591666666666,63.1991666666666,43.307,6.159,45.625,204.265,14.089,Very Low
1016.56999999999,12.1616666666666,62.2358333333333,43.307,6.159,45.625,204.265,14.089,Very Low
1023.31,12.62,64.2283333333333,43.307,6.159,45.625,204.265,14.089,Very Low
1141.13999999999,12.2666666666666,66.2566666666666,43.307,6.159,45.625,204.265,14.089,Very Low
1316.72999999999,12.2308333333333,66.1858333333333,43.307,6.159,45.625,204.265,14.089,Very Low
859.15,12.87,59.0441666666666,43.307,6.159,45.625,204.265,14.089,Very Low
949.58,13.155,60.1891666666666,43.307,6.159,45.625,204.265,14.089,Very Low
1046.59,12.2075,65.8975,43.307,6.159,45.625,204.265,14.089,Very Low
1121.65,12.2233333333333,60.3491666666666,43.307,6.159,45.625,204.265,14.089,Very Low
1554.08,12.0974999999999,68.6141666666666,43.307,6.159,45.625,204.265,14.089,Very Low
1629.73,12.3241666666666,67.5108333333333,43.307,6.159,45.625,204.265,14.089,Very Low
1905.67,12.0658333333333,70.7008333333333,43.307,6.159,45.625,204.265,14.089,Very Low
1808.63999999999,12.9275,66.1174999999999,43.307,6.159,45.625,204.265,14.089,Very Low
1787.21,12.66,69.1283333333333,43.307,6.159,45.625,204.265,14.089,Very Low
827.39,13.8325,64.3516666666666,59.59,6.218,191.256,433.222,9.223,Very Low
1027.24,13.6883333333333,68.7366666666666,59.59,6.218,191.256,433.222,9.223,Very Low
1044.38,13.8691666666666,66.6658333333333,59.59,6.218,191.256,433.222,9.223,Very Low
950.16,14.1808333333333,66.315,59.59,6.218,191.256,433.222,9.223,Very Low
1143.58,13.8366666666666,69.2508333333333,59.59,6.218,191.256,433.222,9.223,Very Low
1045.99,13.7516666666666,70.07,59.59,6.218,191.256,433.222,9.223,Very Low
988.8,14.2041666666666,64.3166666666666,59.59,6.218,191.256,433.222,9.223,Very Low
1396.19,14.1991666666666,66.7466666666666,59.59,6.218,191.256,433.222,9.223,Very Low
1338.1,13.4775,71.6966666666666,59.59,6.218,191.256,433.222,9.223,Very Low
1041.1,13.6841666666666,63.5816666666666,59.59,6.218,191.256,433.222,9.223,Very Low
1412.12,13.9408333333333,66.5725,59.59,6.218,191.256,433.222,9.223,Very Low
1044.58,14.1233333333333,67.7341666666666,59.59,6.218,191.256,433.222,9.223,Very Low
1271.21,14.1049999999999,71.4858333333333,59.59,6.218,191.256,433.222,9.223,Very Low
1431.7,14.5533333333333,70.1591666666666,59.59,6.218,191.256,433.222,9.223,Very Low
1269.82,14.3549999999999,71.5958333333333,59.59,6.218,191.256,433.222,9.223,Very Low
827.39,13.8325,64.3516666666666,57.684,6.15,95.365,372.655,14.658,Very Low
1027.24,13.6883333333333,68.7366666666666,57.684,6.15,95.365,372.655,14.658,Very Low
1044.38,13.8691666666666,66.6658333333333,57.684,6.15,95.365,372.655,14.658,Very Low
950.16,14.1808333333333,66.315,57.684,6.15,95.365,372.655,14.658,Very Low
1143.58,13.8366666666666,69.2508333333333,57.684,6.15,95.365,372.655,14.658,Very Low
1045.99,13.7516666666666,70.07,57.684,6.15,95.365,372.655,14.658,Very Low
988.8,14.2041666666666,64.3166666666666,57.684,6.15,95.365,372.655,14.658,Very Low
1396.19,14.1991666666666,66.7466666666666,57.684,6.15,95.365,372.655,14.658,Very Low
1338.1,13.4775,71.6966666666666,57.684,6.15,95.365,372.655,14.658,Very Low
1041.1,13.6841666666666,63.5816666666666,57.684,6.15,95.365,372.655,14.658,Very Low
1412.12,13.9408333333333,66.5725,57.684,6.15,95.365,372.655,14.658,Very Low
1044.58,14.1233333333333,67.7341666666666,57.684,6.15,95.365,372.655,14.658,Very Low
1271.21,14.1049999999999,71.4858333333333,57.684,6.15,95.365,372.655,14.658,Very Low
1431.7,14.5533333333333,70.1591666666666,57.684,6.15,95.365,372.655,14.658,Very Low
1269.82,14.3549999999999,71.5958333333333,57.684,6.15,95.365,372.655,14.658,Very Low
732.22,23.425,53.3441666666666,52.582,6.412,70.433,405.326,18.84,Low
1126.1,23.0208333333333,59.0408333333333,52.582,6.412,70.433,405.326,18.84,Low
1058.24,23.435,56.57,52.582,6.412,70.433,405.326,18.84,Low
1054.44,23.3616666666666,57.3016666666666,52.582,6.412,70.433,405.326,18.84,Low
1163.92,22.795,61.2116666666666,52.582,6.412,70.433,405.326,18.84,Low
1111.88,22.9758333333333,61.1933333333333,52.582,6.412,70.433,405.326,18.84,Low
916.869999999999,23.6983333333333,53.7241666666666,52.582,6.412,70.433,405.326,18.84,Low
1101.96,23.5316666666666,57.7308333333333,52.582,6.412,70.433,405.326,18.84,Low
1247.4,22.6691666666666,61.725,52.582,6.412,70.433,405.326,18.84,Low
921.03,23.0616666666666,53.7525,52.582,6.412,70.433,405.326,18.84,Low
1179.66,22.88,58.7566666666666,52.582,6.412,70.433,405.326,18.84,Low
992.69,23.3575,57.7241666666666,52.582,6.412,70.433,405.326,18.84,Low
1223.4,23.6058333333333,59.1333333333333,52.582,6.412,70.433,405.326,18.84,Low
1377.81,23.8591666666666,59.7741666666666,52.582,6.412,70.433,405.326,18.84,Low
1172.27,23.7491666666666,60.9533333333333,52.582,6.412,70.433,405.326,18.84,Low
